"","BR","CN","DU","EL","HB","HN","KN","MB","MN","NK","PA","PE","RB","RN","SM","SN","SY","TB"
"OTU_10",644,0,0,130,0,0,290,0,0,2358,4332,0,0,73,70,96,18,0
"OTU_1001",0,0,0,0,0,0,0,0,0,0,0,0,0,0,17,24,4,0
"OTU_1005",0,0,32,0,0,0,0,0,0,0,0,0,35,1,0,0,0,0
"OTU_1009",27,0,0,0,0,0,0,0,0,0,0,0,0,2,0,0,0,0
"OTU_101",13,0,141,201,103,175,77,20,39,59,15,2,6,6,70,115,4,82
"OTU_1010",6,20,0,0,0,0,0,0,1,0,3,0,0,0,0,0,0,0
"OTU_1011",0,0,0,0,0,0,0,0,0,0,0,0,0,0,1,0,0,11
"OTU_1012",0,0,17,0,0,0,0,0,0,0,0,0,0,1,7,27,1,0
"OTU_1015",0,0,0,0,11,29,0,0,0,0,0,0,0,0,0,0,0,4
"OTU_1017",0,0,0,0,3,0,0,27,5,0,0,0,0,0,0,0,0,0
"OTU_1018",0,42,0,0,0,0,3,9,0,0,0,0,0,0,0,0,0,0
"OTU_1020",0,3,38,0,0,0,0,0,0,0,0,0,26,0,0,0,0,0
"OTU_1022",0,0,0,0,0,0,0,12,0,0,0,0,0,0,0,0,0,3
"OTU_1023",0,51,0,0,0,0,0,0,0,0,0,0,0,0,0,0,0,0
"OTU_1024",0,0,0,0,0,0,0,0,0,0,0,0,0,0,15,11,2,0
"OTU_1027",0,0,0,0,22,36,0,0,0,0,0,0,0,0,0,0,0,0
"OTU_103",0,0,2767,0,0,0,0,0,0,0,0,0,21,7,0,0,0,0
"OTU_1030",0,0,0,0,0,0,0,2,0,0,0,0,0,0,0,0,0,0
"OTU_1032",0,0,0,0,0,0,0,0,0,0,0,0,0,0,0,0,0,10
"OTU_1034",0,27,0,0,0,0,0,0,0,0,0,0,0,0,0,0,0,6
"OTU_1038",0,0,0,0,1,0,0,0,0,0,0,0,0,0,17,30,2,0
"OTU_1039",0,0,0,0,0,0,0,27,3,4,0,0,0,0,0,0,0,0
"OTU_104",633,0,0,0,0,0,24,0,0,171,41,0,0,88,10,22,1,19
"OTU_1042",0,0,0,0,0,0,0,0,0,0,0,69,0,0,0,0,0,0
"OTU_1047",0,0,0,0,0,46,0,0,0,0,0,0,0,0,0,144,0,0
"OTU_1048",0,0,0,0,0,0,0,0,0,0,0,0,0,0,0,0,0,3
"OTU_1049",1,0,3,1,2,9,0,0,0,5,2,6,4,0,0,0,0,1
"OTU_105",0,0,0,0,0,0,0,0,0,0,652,0,0,0,0,0,0,0
"OTU_1050",0,0,0,0,0,0,0,0,0,0,0,0,60,0,0,0,0,0
"OTU_1051",0,0,0,0,2,0,0,0,13,0,0,0,0,0,0,0,0,0
"OTU_1059",0,13,0,0,2,0,1,2,8,4,0,0,0,0,0,0,0,0
"OTU_106",444,0,0,0,0,0,0,0,0,0,196,0,5,147,0,0,0,0
"OTU_1061",0,0,0,0,1,0,0,14,0,0,0,4,24,0,0,0,0,1
"OTU_1062",48,0,0,0,0,0,0,0,0,0,0,0,0,0,0,0,0,0
"OTU_1068",0,0,0,0,0,0,0,0,0,0,0,0,0,0,0,0,0,10
"OTU_1071",0,0,15,0,0,0,0,0,0,0,0,0,0,0,0,13,0,9
"OTU_1075",0,0,0,0,0,0,0,0,0,0,0,0,0,0,0,0,0,13
"OTU_1079",0,0,0,0,0,0,0,0,0,0,0,0,0,0,0,0,0,6
"OTU_1082",0,0,0,0,1,4,0,0,0,0,0,0,0,0,14,42,0,0
"OTU_1085",0,12,0,0,0,0,0,0,0,3,0,0,0,0,0,0,0,0
"OTU_1086",0,5,0,0,0,0,2,11,4,7,0,6,0,0,0,0,0,0
"OTU_1088",0,0,0,0,0,0,0,0,0,0,0,0,46,6,0,0,0,0
"OTU_1091",0,0,0,0,40,21,0,0,0,0,0,5,0,0,0,0,0,0
"OTU_1093",6,0,2,0,0,0,0,0,0,2,0,12,1,5,2,0,0,0
"OTU_1098",0,0,0,0,0,8,5,3,6,0,0,0,0,2,0,0,0,0
"OTU_1099",0,0,0,0,0,0,0,0,0,0,0,0,0,0,0,0,0,9
"OTU_1100",0,0,0,0,0,0,34,0,1,0,0,0,0,0,0,0,0,0
"OTU_1101",0,0,0,0,4,0,0,0,0,0,0,0,0,0,5,0,0,0
"OTU_1104",0,0,0,0,0,0,0,26,7,2,0,0,0,0,0,0,0,0
"OTU_1108",0,0,0,0,1,0,0,0,0,0,0,0,0,0,4,0,1,6
"OTU_1109",0,0,0,0,0,0,8,0,0,0,0,0,0,0,0,0,0,0
"OTU_111",0,0,0,0,0,0,0,0,0,0,0,0,0,440,0,0,0,0
"OTU_1113",0,34,0,0,2,0,0,0,1,0,0,0,0,0,0,0,0,3
"OTU_1114",0,0,79,0,0,0,0,0,0,0,0,0,0,0,0,0,0,0
"OTU_1118",0,40,0,0,0,0,0,0,0,0,0,0,0,0,3,0,0,2
"OTU_112",0,0,0,0,4,14,0,0,0,0,0,4,0,0,0,0,1,338
"OTU_1123",0,0,0,0,30,0,0,0,0,0,0,0,0,0,0,0,8,0
"OTU_1124",0,0,0,0,0,0,0,40,0,0,0,0,0,0,0,0,0,0
"OTU_1127",0,0,0,0,7,0,7,0,0,3,0,6,0,0,0,0,0,1
"OTU_113",0,94,217,1,211,73,50,720,88,24,0,30,426,11,160,155,15,0
"OTU_1130",0,0,0,0,0,0,0,0,0,0,0,0,0,10,0,0,0,0
"OTU_1132",0,7,0,0,0,0,0,17,8,0,0,0,0,0,0,0,0,0
"OTU_1136",0,0,0,0,0,8,0,0,0,0,0,0,0,0,21,17,0,0
"OTU_1137",19,0,0,3,0,0,0,0,0,0,0,0,0,0,0,0,0,0
"OTU_1138",0,0,0,0,0,0,0,0,0,0,20,0,0,0,0,0,0,0
"OTU_1139",0,0,0,0,0,0,0,0,0,0,0,0,0,0,0,0,0,7
"OTU_114",0,8,0,0,19,20,0,0,2,0,0,0,0,0,40,42,4,303
"OTU_1141",0,0,0,0,0,0,0,0,0,0,0,0,0,0,0,0,0,7
"OTU_1142",0,5,0,0,0,0,1,12,2,4,0,19,0,0,0,0,0,0
"OTU_1144",0,0,0,0,0,0,0,0,0,0,2,0,0,0,0,0,0,11
"OTU_1145",0,6,0,0,0,0,0,0,0,0,0,8,0,0,15,0,3,0
"OTU_1151",0,0,0,0,0,0,0,19,1,4,0,0,13,0,0,0,0,0
"OTU_1157",0,11,0,0,0,0,0,0,5,0,0,16,0,0,0,0,0,0
"OTU_116",0,0,5,65,0,0,0,0,0,0,0,0,0,0,0,0,0,0
"OTU_1160",0,20,0,0,0,0,0,0,2,5,0,4,0,0,0,0,0,0
"OTU_1163",0,0,0,0,0,0,0,0,0,0,0,0,0,0,14,26,1,0
"OTU_1164",0,0,0,0,0,0,0,0,0,0,0,0,0,0,0,0,0,10
"OTU_1170",0,0,0,0,0,0,0,20,5,0,0,0,0,0,0,0,0,0
"OTU_1171",0,0,0,0,0,0,0,4,4,3,0,7,0,0,0,0,0,0
"OTU_1175",0,0,0,1,0,0,0,0,0,0,0,0,0,1,0,0,0,9
"OTU_118",0,0,0,0,37,559,0,0,3,0,0,55,0,0,98,224,224,23
"OTU_119",0,68,32,179,123,689,40,0,33,11,5,84,0,34,11,0,0,0
"OTU_1190",0,0,0,0,0,0,5,0,0,13,0,0,0,0,0,0,0,1
"OTU_1195",0,7,0,0,0,0,0,9,1,3,0,0,0,0,6,0,0,0
"OTU_12",0,0,129,5343,0,0,0,0,0,0,0,0,21,51,0,0,0,0
"OTU_120",2,62,7,4,9,38,44,45,283,87,0,0,49,0,4,0,0,0
"OTU_1201",0,0,0,0,0,0,0,0,0,0,0,0,20,0,0,0,0,0
"OTU_1209",0,36,0,0,0,0,0,0,0,0,0,0,0,0,0,0,0,0
"OTU_1213",0,69,0,0,0,0,0,0,0,0,0,0,0,0,0,0,0,0
"OTU_1217",0,0,0,0,6,48,0,0,0,0,0,0,0,0,1,0,1,0
"OTU_122",92,128,192,26,18,20,138,28,38,19,4,66,68,39,15,65,51,0
"OTU_1221",0,8,0,0,0,0,0,0,8,0,0,0,0,0,3,0,0,0
"OTU_1222",0,0,0,0,0,0,0,0,0,0,0,0,0,0,0,11,0,5
"OTU_1223",0,0,0,0,0,0,0,0,0,0,0,0,0,0,8,0,0,1
"OTU_1227",0,0,13,0,12,20,0,0,0,0,0,0,0,0,0,0,0,0
"OTU_1230",3,0,0,0,0,0,0,0,0,0,0,0,0,5,0,0,2,0
"OTU_1233",0,0,0,0,8,8,0,0,1,0,0,0,0,0,0,0,0,3
"OTU_1235",0,12,0,0,2,6,1,0,5,2,0,0,0,0,0,0,0,0
"OTU_1238",0,45,0,0,0,0,0,0,0,0,0,0,0,0,0,0,0,0
"OTU_1240",0,0,0,0,2,0,0,20,3,0,0,0,0,0,0,0,0,0
"OTU_1245",0,0,0,0,0,0,0,0,0,0,0,0,0,13,0,0,0,0
"OTU_1246",0,0,21,0,0,0,0,0,0,0,0,0,26,0,0,0,0,0
"OTU_1247",0,0,0,0,0,0,0,0,0,0,0,0,0,0,11,0,0,0
"OTU_125",0,0,0,48,0,0,0,0,0,3,23,0,0,0,8,0,20,0
"OTU_1251",1,16,0,0,2,0,0,0,2,2,0,0,0,0,0,0,0,0
"OTU_1255",0,0,0,0,0,0,0,0,7,0,0,0,10,0,2,0,0,0
"OTU_1260",0,0,0,0,0,0,0,0,0,0,0,0,0,0,14,55,0,0
"OTU_1264",0,0,58,0,0,0,0,0,0,0,0,0,0,0,0,0,0,0
"OTU_1267",0,0,0,0,0,0,0,0,0,0,0,0,0,0,0,0,0,7
"OTU_1268",0,0,9,0,0,0,0,5,1,2,0,0,7,4,0,0,0,0
"OTU_127",0,0,0,0,0,0,0,0,0,0,0,59,0,0,52,143,111,3
"OTU_1270",0,0,0,0,1,0,0,13,8,0,0,0,0,0,0,0,0,0
"OTU_1272",0,0,0,0,0,0,6,0,10,0,0,0,0,0,0,0,0,0
"OTU_1274",0,0,9,5,0,0,0,0,0,0,0,8,0,1,0,0,0,0
"OTU_1276",0,36,0,0,0,0,0,0,0,0,0,0,0,0,0,0,0,0
"OTU_1284",0,2,9,0,0,0,0,0,0,0,0,0,2,1,0,0,6,0
"OTU_1285",0,0,6,0,0,0,3,0,0,0,0,0,0,0,2,16,0,0
"OTU_1287",0,19,0,4,0,0,0,0,0,0,0,0,0,0,0,0,0,0
"OTU_1288",0,0,0,0,6,0,0,0,0,0,0,0,0,0,0,0,0,0
"OTU_129",9,96,112,0,15,23,163,53,27,47,15,46,91,0,120,186,46,0
"OTU_1290",0,23,14,0,0,0,4,0,0,0,0,0,0,0,0,0,0,0
"OTU_1291",0,0,0,0,10,22,0,0,0,0,0,0,0,0,3,0,1,1
"OTU_1292",1,8,0,0,0,0,1,5,1,1,4,0,0,0,0,0,0,0
"OTU_1294",0,0,0,0,0,0,0,16,5,0,0,0,0,0,0,0,0,0
"OTU_1299",0,0,16,0,0,0,0,0,0,0,0,0,23,7,0,0,0,0
"OTU_130",14,0,0,0,270,0,0,0,0,0,319,0,0,0,0,0,0,0
"OTU_1300",0,25,0,0,0,0,0,0,0,0,0,0,0,0,7,0,0,0
"OTU_1301",0,0,4,9,0,0,0,0,0,0,0,0,0,1,0,0,0,0
"OTU_1305",0,0,0,0,0,0,0,40,5,0,0,0,33,0,0,0,0,0
"OTU_1308",0,0,0,0,7,0,0,0,0,0,0,0,21,0,0,0,0,3
"OTU_131",0,61,126,0,0,0,113,16,37,47,0,18,426,55,25,0,20,0
"OTU_1311",0,0,0,0,0,0,2,6,3,0,0,12,0,0,0,0,0,0
"OTU_1314",0,29,0,0,0,0,2,0,0,0,0,0,0,0,0,0,0,0
"OTU_1315",0,0,4,5,0,0,0,0,0,0,0,14,5,0,0,0,0,0
"OTU_1317",0,26,0,0,0,0,0,0,3,0,0,0,0,0,0,0,0,0
"OTU_1318",0,0,0,0,0,0,0,4,0,0,0,16,0,0,0,0,0,0
"OTU_1319",0,124,0,0,0,0,0,0,0,0,0,0,0,0,0,0,0,0
"OTU_132",0,0,0,3,27,0,0,83,13,0,0,551,0,0,1,17,21,34
"OTU_1323",0,0,0,9,0,0,0,0,0,0,2,0,0,0,0,0,0,0
"OTU_1329",0,0,0,0,0,0,0,0,0,0,0,0,54,0,0,0,0,0
"OTU_133",143,11,0,116,0,23,7,4,19,67,144,0,0,0,0,0,0,0
"OTU_1333",0,0,0,0,0,0,0,0,0,0,0,0,0,0,0,0,0,9
"OTU_1334",0,0,0,0,0,0,11,0,4,0,0,0,0,0,0,0,0,0
"OTU_1337",0,0,0,0,11,0,0,15,0,0,0,0,0,0,0,0,0,0
"OTU_1339",0,0,0,0,0,0,0,4,0,0,0,0,0,0,0,132,0,0
"OTU_1344",0,0,0,0,0,0,0,0,0,0,17,0,0,0,0,0,0,0
"OTU_1345",0,0,0,0,0,0,0,0,8,0,0,0,0,0,0,35,0,0
"OTU_1346",0,0,5,0,0,0,0,0,0,0,0,0,4,0,9,0,0,0
"OTU_1350",0,0,0,0,0,0,0,0,0,0,0,0,41,0,0,0,0,0
"OTU_1353",0,0,0,0,0,0,0,5,0,0,0,0,0,2,0,0,0,0
"OTU_1357",0,0,0,0,1,20,4,0,0,7,0,0,0,0,0,0,0,0
"OTU_1361",0,0,0,0,0,0,0,0,0,0,0,0,0,10,0,0,0,0
"OTU_1363",0,24,0,0,5,0,0,0,0,0,0,0,0,0,0,0,0,0
"OTU_1365",0,0,0,0,0,0,0,0,0,0,0,0,0,0,0,0,0,7
"OTU_137",0,0,0,1,0,0,0,0,0,0,0,8,0,22,0,0,0,241
"OTU_1374",0,7,0,0,0,0,0,0,0,0,0,2,3,0,5,7,0,0
"OTU_1379",0,0,0,0,0,0,0,0,0,0,0,0,0,0,0,0,11,0
"OTU_1382",0,0,0,0,0,0,0,0,0,0,0,0,0,6,0,0,0,0
"OTU_1383",0,8,0,0,0,0,4,0,0,0,1,9,0,0,0,0,0,0
"OTU_1386",0,0,0,0,10,0,2,3,2,1,0,0,0,0,0,0,0,0
"OTU_1387",0,0,0,0,0,6,0,0,0,0,10,0,0,0,0,0,0,0
"OTU_1388",0,0,0,0,0,0,0,0,0,0,0,0,0,0,12,0,0,0
"OTU_1389",0,0,0,0,0,0,0,0,0,0,0,0,0,0,5,14,0,0
"OTU_1392",0,0,0,0,0,0,4,8,3,5,0,0,0,0,0,0,0,0
"OTU_1393",0,10,0,0,0,13,0,0,0,0,0,0,0,0,0,0,0,0
"OTU_1396",0,6,0,0,0,0,0,4,2,1,0,4,0,1,0,0,0,0
"OTU_1398",0,0,0,0,0,0,0,0,0,0,0,0,0,0,0,0,0,0
"OTU_14",0,0,0,31,0,0,0,0,0,0,0,0,0,0,0,0,0,0
"OTU_1403",0,0,0,0,0,0,0,10,7,0,0,0,0,0,0,0,0,0
"OTU_1404",0,0,0,0,0,0,0,0,0,0,0,0,39,0,0,0,0,0
"OTU_1406",0,0,0,0,0,0,0,0,0,0,0,0,0,8,0,0,0,0
"OTU_1407",0,0,0,0,5,0,0,0,0,0,0,0,0,0,1,0,0,3
"OTU_1409",0,0,0,0,0,0,0,2,4,0,0,10,0,0,0,0,0,0
"OTU_1412",0,0,0,0,8,0,0,0,0,0,0,0,0,0,0,0,0,1
"OTU_1419",0,0,26,0,0,0,0,0,0,0,0,0,13,0,0,0,0,0
"OTU_1420",0,0,0,0,10,0,0,0,0,0,0,0,0,0,0,0,0,2
"OTU_1421",0,0,0,0,5,0,0,10,7,0,0,0,0,0,0,0,0,0
"OTU_1422",0,31,0,0,0,0,0,0,0,0,0,0,0,0,0,0,0,0
"OTU_1423",0,0,0,0,0,0,0,0,0,0,0,0,0,0,3,0,0,0
"OTU_1425",0,0,2,0,0,0,0,0,0,0,0,0,23,3,0,0,0,0
"OTU_143",504,0,0,0,0,0,4,0,0,27,39,0,0,0,3,0,0,0
"OTU_1432",0,20,0,0,0,0,0,0,0,0,0,0,0,0,0,0,0,0
"OTU_1434",0,0,0,0,0,0,0,0,0,0,0,0,12,6,0,0,0,0
"OTU_1438",0,0,19,0,0,0,0,0,0,0,0,0,12,2,0,0,0,0
"OTU_1439",0,0,0,0,0,0,0,0,0,0,0,0,37,0,0,0,0,0
"OTU_1442",0,0,0,0,0,0,0,0,0,0,0,0,0,8,0,0,0,0
"OTU_1446",0,0,0,0,0,0,0,0,0,0,0,0,0,9,0,0,0,0
"OTU_1448",0,0,0,0,0,0,0,0,0,0,0,0,0,0,11,28,0,0
"OTU_1449",3,0,0,0,0,0,0,0,0,4,0,0,0,5,0,0,0,0
"OTU_145",0,0,0,42,212,57,0,0,0,0,0,16,0,0,74,104,0,56
"OTU_1453",0,0,0,7,0,0,0,0,0,0,0,0,0,0,0,0,0,0
"OTU_1454",0,0,40,0,0,0,0,0,0,0,0,0,0,0,0,0,0,0
"OTU_1455",0,0,0,0,0,0,0,15,2,0,0,0,0,0,0,0,0,0
"OTU_1456",0,24,0,0,0,0,0,0,0,0,0,0,0,0,0,0,0,0
"OTU_1459",0,12,0,0,3,0,0,0,0,0,0,0,0,0,0,0,0,0
"OTU_1461",0,0,0,2,5,6,0,3,0,0,0,3,0,0,0,0,0,0
"OTU_1462",0,0,0,0,0,0,0,0,0,0,0,0,4,0,4,0,1,0
"OTU_1469",0,1,0,0,0,0,0,1,2,0,0,0,21,0,0,0,0,0
"OTU_1477",0,0,0,0,0,0,0,0,0,0,0,0,0,0,11,0,2,0
"OTU_1478",0,26,0,0,0,0,0,0,1,0,0,0,0,0,0,0,0,0
"OTU_148",0,0,0,0,18,14,0,59,7,0,0,0,0,0,375,341,38,0
"OTU_1490",0,16,0,0,0,0,0,3,2,0,0,0,0,0,0,0,0,0
"OTU_1491",0,0,0,0,0,0,0,0,0,16,0,0,0,0,0,0,0,0
"OTU_1497",0,4,20,0,0,0,0,8,0,0,0,0,0,0,0,0,0,0
"OTU_1498",0,0,0,0,2,0,0,4,6,0,0,0,0,0,0,0,0,0
"OTU_1499",0,0,0,0,0,0,0,0,0,0,0,19,0,0,0,0,0,0
"OTU_1506",0,0,0,0,0,0,0,3,7,0,0,0,0,0,0,0,0,0
"OTU_1507",0,0,0,0,0,0,0,0,1,0,0,11,0,0,0,0,0,0
"OTU_151",0,0,0,0,0,0,0,0,0,0,0,0,0,0,143,45,19,0
"OTU_1519",0,0,0,0,0,0,0,20,4,0,0,0,0,0,0,0,0,0
"OTU_152",0,0,12,0,0,0,0,0,0,0,0,0,0,0,45,37,291,0
"OTU_1522",1,15,2,0,0,0,0,0,0,0,0,0,5,0,0,0,0,0
"OTU_1524",0,0,0,4,0,0,0,0,0,0,0,0,0,0,0,0,0,0
"OTU_1527",0,0,0,0,0,0,0,0,0,0,0,0,0,0,17,0,0,0
"OTU_153",25,0,0,233,0,0,0,0,0,0,0,0,135,0,0,0,0,0
"OTU_1530",0,0,0,0,5,0,0,0,2,0,0,0,1,0,0,0,1,0
"OTU_1535",0,0,0,0,13,10,0,0,0,0,0,0,0,0,0,0,0,0
"OTU_1536",0,0,0,0,0,0,0,0,0,0,0,0,32,0,0,0,0,0
"OTU_1537",0,0,0,0,0,0,0,0,0,0,0,0,22,1,0,0,0,0
"OTU_1539",0,0,0,0,6,0,0,0,0,0,0,20,0,0,0,0,0,0
"OTU_154",432,0,0,1,29,0,8,0,0,67,0,0,0,0,5,0,1,0
"OTU_1540",0,0,0,0,0,0,0,0,0,0,0,0,0,0,17,0,0,0
"OTU_1542",0,16,0,0,0,0,0,5,0,0,0,5,0,0,0,0,0,0
"OTU_1545",0,0,0,0,11,0,0,5,0,0,0,0,0,0,0,0,0,0
"OTU_1547",0,0,0,9,0,0,0,0,0,0,0,0,0,0,3,0,0,0
"OTU_155",9,0,0,35,0,0,0,0,0,0,20,0,0,0,2,0,0,160
"OTU_1550",0,18,0,0,0,0,0,0,0,0,0,0,0,0,2,0,0,0
"OTU_1551",0,0,0,0,0,0,0,0,0,0,0,0,29,0,0,0,0,0
"OTU_1552",0,0,0,0,0,0,0,0,0,0,0,0,0,0,0,0,0,5
"OTU_1554",0,0,5,0,0,0,0,1,1,0,0,0,5,0,2,0,0,0
"OTU_1555",0,0,0,0,0,0,0,0,0,0,0,15,16,0,0,0,0,0
"OTU_1556",0,4,6,1,0,0,0,0,0,0,1,4,0,0,0,0,0,0
"OTU_156",433,5,0,14,5,0,1,31,2,4,0,38,25,3,3,0,0,4
"OTU_1560",0,0,0,0,0,0,0,0,0,0,0,0,0,6,0,0,0,0
"OTU_1561",0,0,0,0,6,0,0,3,2,0,0,0,0,0,0,0,0,1
"OTU_1563",0,0,0,5,0,0,0,9,0,0,0,0,0,0,0,0,0,0
"OTU_1564",0,0,0,0,0,7,0,3,0,0,0,0,0,0,0,0,0,0
"OTU_1566",0,0,0,0,0,0,0,0,0,0,0,0,0,0,10,15,0,0
"OTU_157",0,0,130,0,0,0,0,0,0,0,47,0,875,0,0,0,0,0
"OTU_1571",0,0,0,2,0,0,0,0,0,0,0,0,3,2,0,0,0,0
"OTU_1578",0,0,0,0,8,0,7,0,0,0,0,0,0,0,0,0,0,0
"OTU_1579",0,0,0,0,0,0,0,0,0,0,0,0,22,0,0,0,0,0
"OTU_158",0,0,0,0,12,12,0,0,0,0,0,0,0,0,3,7,0,184
"OTU_1581",0,0,0,0,0,0,0,0,0,0,0,0,35,0,0,0,0,0
"OTU_1583",0,24,0,0,0,0,0,0,0,0,0,0,0,0,0,0,0,0
"OTU_1585",0,10,0,0,0,0,0,0,0,0,2,0,0,2,0,0,0,0
"OTU_1588",0,0,0,0,0,0,0,0,0,0,0,0,0,7,0,0,0,0
"OTU_159",0,0,0,0,0,0,0,0,0,0,0,1043,46,9,0,0,0,0
"OTU_1590",0,0,0,0,0,0,16,0,0,0,0,0,0,0,0,0,0,0
"OTU_1600",0,0,0,0,5,0,0,0,0,0,0,0,0,0,4,0,0,2
"OTU_1602",0,0,0,0,0,0,0,0,0,0,0,0,0,0,0,0,0,7
"OTU_1603",0,0,0,0,0,0,0,0,0,0,0,0,23,2,0,0,0,0
"OTU_1608",0,6,0,1,0,0,0,0,0,0,0,0,0,0,0,8,2,2
"OTU_161",2,0,0,2,361,26,0,0,0,0,0,0,0,0,10,0,12,0
"OTU_1610",0,0,0,0,0,0,0,0,0,0,0,0,19,0,0,0,0,0
"OTU_1611",0,0,14,0,0,0,0,1,0,0,0,0,13,0,0,0,0,0
"OTU_1613",0,0,0,0,10,0,0,0,0,0,0,0,0,0,4,0,0,0
"OTU_162",0,0,0,0,0,0,0,0,0,0,0,0,0,254,0,0,0,0
"OTU_1622",0,0,0,0,0,0,0,0,0,0,0,0,0,4,6,0,0,0
"OTU_1628",0,0,0,0,4,13,0,0,0,0,0,0,0,0,0,0,0,0
"OTU_1636",0,0,0,0,0,0,0,0,0,0,0,0,0,0,0,0,0,5
"OTU_164",3,0,0,0,0,0,0,0,0,0,47,0,0,0,4,0,51,0
"OTU_1640",0,0,0,0,0,0,0,0,3,4,0,0,0,0,0,0,0,0
"OTU_1642",0,0,0,0,0,0,0,0,0,0,0,0,3,0,0,0,3,0
"OTU_1644",0,0,11,0,3,0,0,0,0,0,0,0,0,0,0,0,0,0
"OTU_1645",0,0,0,0,0,0,0,0,0,0,0,0,0,3,2,5,0,0
"OTU_1648",0,20,0,2,0,0,0,0,0,0,0,0,0,0,0,0,0,0
"OTU_165",0,0,0,0,45,27,0,0,0,0,0,0,0,0,0,0,0,171
"OTU_166",232,0,0,22,0,0,3,0,0,0,0,0,5,133,0,0,0,47
"OTU_1660",0,0,0,0,0,0,2,0,0,0,0,0,0,0,0,0,0,0
"OTU_1662",0,0,0,0,0,0,0,0,0,0,0,0,0,0,11,0,0,0
"OTU_1663",0,14,0,0,0,0,0,0,3,0,0,0,0,0,0,0,0,0
"OTU_1666",0,0,0,6,0,0,0,0,0,0,0,0,0,0,0,0,0,0
"OTU_1667",0,0,0,5,0,0,0,0,0,0,0,0,0,0,0,0,0,0
"OTU_1668",0,0,0,0,0,0,0,0,0,0,0,0,0,0,4,0,2,0
"OTU_1669",0,0,0,0,8,10,0,0,0,0,0,0,0,0,0,0,0,0
"OTU_167",0,147,0,0,0,0,48,44,34,15,0,0,438,24,23,112,0,0
"OTU_1671",0,0,0,0,0,0,0,7,1,2,1,0,0,0,0,0,0,0
"OTU_1674",0,0,0,0,0,0,0,0,0,0,0,0,10,4,0,0,0,0
"OTU_1677",0,0,0,0,0,0,0,0,1,0,0,10,0,0,0,0,0,0
"OTU_1679",0,0,0,0,0,0,0,0,0,0,0,0,0,6,0,0,0,0
"OTU_1680",0,0,0,0,0,0,0,0,0,0,0,0,0,0,0,0,0,4
"OTU_1683",0,0,0,0,0,0,0,7,0,0,0,0,0,0,8,0,1,0
"OTU_1685",0,0,0,0,0,0,0,0,0,0,0,0,0,0,2,0,1,1
"OTU_1691",0,0,0,0,0,0,0,0,0,0,0,0,0,7,0,0,0,0
"OTU_1694",0,8,0,0,0,0,0,0,0,4,0,0,0,0,0,0,0,0
"OTU_1696",0,0,5,0,0,0,0,0,1,0,0,0,0,0,0,0,0,0
"OTU_1698",0,0,0,0,0,0,0,0,0,0,0,0,0,0,11,0,0,0
"OTU_170",1,0,0,12,0,0,3,9,9,3,0,729,0,0,0,0,1,0
"OTU_1700",0,0,0,0,0,0,0,0,0,0,0,6,0,0,4,0,0,0
"OTU_1702",0,0,0,0,0,0,3,0,3,0,0,0,0,0,0,0,0,0
"OTU_1705",0,0,0,0,0,0,0,0,0,0,0,0,0,0,0,0,1,5
"OTU_1710",7,0,0,0,0,0,0,0,0,0,0,0,0,3,0,0,0,0
"OTU_1712",0,6,3,0,0,0,2,3,3,0,0,0,0,1,0,0,0,0
"OTU_1713",0,0,0,0,0,0,0,19,0,0,0,0,0,0,0,0,0,0
"OTU_1720",0,0,0,0,0,0,0,4,3,0,0,8,0,0,0,0,0,0
"OTU_1722",0,0,0,0,5,6,0,0,1,0,0,0,0,0,3,8,1,0
"OTU_1728",0,0,0,0,0,0,4,0,5,0,0,0,0,0,0,0,0,0
"OTU_1729",0,0,0,0,0,0,0,0,0,0,0,25,0,0,0,0,0,0
"OTU_173",0,0,23,0,0,0,0,0,0,0,0,97,196,0,108,398,44,10
"OTU_1730",0,0,0,0,0,0,0,0,0,0,0,0,24,0,0,0,0,0
"OTU_1731",0,0,0,0,1,40,0,0,0,0,0,0,0,0,0,0,0,0
"OTU_1734",0,0,0,0,0,0,0,0,0,0,0,0,26,0,0,0,0,0
"OTU_1736",0,21,0,2,0,0,0,0,0,0,0,0,0,0,0,0,0,0
"OTU_1745",0,0,31,0,0,0,0,0,0,0,0,0,0,0,0,0,0,0
"OTU_1747",0,0,12,0,0,0,0,0,0,0,0,0,0,0,0,15,2,0
"OTU_1748",0,0,0,0,2,0,3,3,4,1,0,0,0,0,0,0,0,0
"OTU_1750",0,20,0,0,0,0,0,0,0,0,0,0,0,0,0,0,0,0
"OTU_1751",0,10,0,0,0,0,0,0,1,0,0,4,0,0,0,0,0,0
"OTU_1754",0,0,0,0,0,0,0,0,0,0,0,0,0,4,0,0,0,0
"OTU_1760",0,0,0,0,0,0,0,0,0,0,0,0,0,0,0,0,0,5
"OTU_1766",0,0,0,0,0,0,2,0,0,5,0,0,0,0,0,0,0,0
"OTU_1767",0,0,0,1,0,0,0,0,0,0,0,0,0,0,0,0,0,1
"OTU_177",0,0,0,0,0,0,170,0,0,335,0,0,0,0,0,0,0,0
"OTU_1772",0,0,0,0,1,0,0,0,0,0,0,20,0,0,0,0,0,0
"OTU_1773",0,0,0,0,0,0,0,0,6,0,0,0,0,0,0,0,0,0
"OTU_1774",5,0,0,0,0,0,0,0,2,0,0,0,0,0,0,0,0,0
"OTU_1779",0,0,0,0,0,0,0,11,2,0,0,0,0,0,0,0,0,0
"OTU_178",0,0,0,0,14,0,0,4,0,0,3,104,0,0,159,144,50,0
"OTU_1781",11,0,0,0,0,0,0,0,0,0,0,0,0,0,0,0,0,0
"OTU_1782",0,3,0,0,0,0,0,0,0,0,0,0,0,5,0,0,0,0
"OTU_1784",0,0,0,0,0,0,0,17,0,0,0,0,0,0,0,0,0,0
"OTU_1788",0,5,0,1,0,0,0,0,0,0,3,0,0,0,0,0,0,0
"OTU_1789",0,7,9,0,0,0,0,0,0,0,0,0,4,0,0,0,0,0
"OTU_179",0,0,73,26,0,0,0,9,0,0,0,340,67,104,0,0,0,0
"OTU_1796",0,0,0,0,0,0,0,0,0,0,0,1,0,0,2,0,0,0
"OTU_1797",0,9,0,0,0,0,0,0,0,0,0,0,0,0,2,0,0,0
"OTU_1798",0,0,4,0,0,0,0,8,0,0,0,3,1,0,0,0,0,0
"OTU_1808",0,0,0,14,0,0,0,0,0,0,0,0,0,0,0,0,0,0
"OTU_181",0,22,0,0,0,0,0,4,17,0,0,5,323,2,157,70,27,0
"OTU_1811",0,0,0,0,0,0,0,0,5,0,0,0,0,0,0,29,0,0
"OTU_1812",0,0,0,0,0,0,0,0,0,0,0,0,0,0,0,0,0,4
"OTU_1814",0,0,0,0,0,0,0,0,0,0,0,0,0,0,12,37,0,0
"OTU_1815",0,0,7,0,0,0,0,0,0,0,0,0,17,0,0,0,0,0
"OTU_1816",0,0,0,0,0,0,0,0,0,0,0,0,0,0,0,0,0,3
"OTU_1817",0,17,0,0,0,0,0,0,1,0,0,0,0,0,0,0,0,0
"OTU_1818",0,0,0,0,0,0,0,0,0,0,0,0,0,0,4,0,2,0
"OTU_182",417,0,0,0,0,0,0,0,0,0,13,0,0,0,23,70,9,0
"OTU_1820",0,13,0,0,0,0,0,1,0,1,0,0,0,0,0,0,0,0
"OTU_1823",0,0,0,0,0,0,0,0,0,0,0,0,18,0,0,0,0,0
"OTU_1828",0,0,0,0,0,0,0,6,8,0,0,0,0,0,0,0,0,0
"OTU_1830",0,20,0,0,0,0,0,0,2,0,0,0,0,0,0,0,0,0
"OTU_1833",0,0,0,0,0,0,0,0,0,0,0,0,20,0,0,0,0,0
"OTU_1834",0,0,0,0,0,0,0,0,0,0,0,0,0,0,0,0,0,2
"OTU_1848",0,0,30,0,0,0,0,0,0,0,0,0,0,0,0,0,0,0
"OTU_185",0,0,0,0,124,44,0,43,57,0,0,26,0,0,86,74,30,22
"OTU_1853",0,13,5,0,0,0,0,0,2,0,0,0,0,0,0,0,0,0
"OTU_1856",0,0,0,0,0,7,0,0,3,0,0,0,0,0,0,0,0,0
"OTU_1857",0,0,0,0,0,0,0,3,6,0,0,0,0,0,0,0,0,0
"OTU_1865",0,0,0,0,0,0,0,0,0,0,0,0,0,0,10,0,0,0
"OTU_1867",0,0,0,0,0,0,0,0,0,0,0,0,0,6,0,0,0,0
"OTU_1868",0,0,6,0,0,0,0,0,0,0,0,0,10,1,0,0,0,0
"OTU_187",14,0,0,16,0,0,7,0,0,104,199,0,0,2,0,0,0,0
"OTU_1872",0,0,0,0,7,0,0,0,0,0,0,0,0,0,0,0,0,0
"OTU_1873",0,0,0,0,0,0,0,7,4,0,0,0,0,0,0,0,0,0
"OTU_1875",0,0,0,0,0,0,6,5,1,1,0,0,0,0,0,0,0,0
"OTU_1876",0,0,0,0,0,0,0,11,1,0,0,0,0,0,0,0,0,0
"OTU_1877",0,0,0,0,0,0,0,0,0,0,0,0,19,0,0,0,0,0
"OTU_188",0,0,0,0,2,0,0,175,3,0,0,0,0,0,8,25,82,3
"OTU_1882",0,0,0,0,0,0,0,0,0,0,0,0,0,0,3,0,3,0
"OTU_1883",0,0,0,0,0,0,0,0,0,0,0,0,0,6,0,0,0,0
"OTU_1887",0,0,0,0,0,0,0,0,0,0,0,22,0,0,0,0,0,0
"OTU_1890",0,0,0,0,0,33,0,0,0,0,0,0,0,0,0,0,0,0
"OTU_1893",0,0,0,0,1,0,0,0,2,0,0,0,0,0,0,0,0,0
"OTU_1894",0,0,0,0,0,0,0,0,0,0,3,0,10,0,0,0,0,0
"OTU_1897",0,0,0,0,0,0,0,0,0,0,0,0,0,0,3,22,0,0
"OTU_1898",0,0,0,0,0,0,0,0,0,0,0,0,0,0,8,0,0,0
"OTU_1899",0,0,0,0,0,0,0,0,0,0,0,0,0,4,0,0,0,0
"OTU_190",0,0,81,68,72,20,0,4,0,4,0,110,0,5,40,44,26,0
"OTU_1909",0,5,0,0,0,0,0,0,1,0,0,4,0,0,0,0,0,0
"OTU_191",0,0,0,195,0,0,5,0,0,2,0,3,0,29,0,0,0,0
"OTU_1913",0,0,0,0,0,0,6,0,2,0,0,0,0,0,0,0,0,0
"OTU_1914",0,0,4,0,0,0,0,0,0,0,0,0,14,0,0,0,0,0
"OTU_1917",0,0,0,0,4,12,0,0,0,0,0,0,0,0,0,0,0,0
"OTU_192",0,0,0,0,416,0,0,0,0,0,0,0,0,0,0,0,0,23
"OTU_1921",0,0,23,0,0,0,0,0,0,0,0,0,0,0,0,0,0,0
"OTU_1922",0,0,0,0,0,0,13,0,0,0,0,0,0,0,0,0,0,0
"OTU_1924",0,0,10,0,0,0,0,0,0,0,0,0,6,0,0,0,0,0
"OTU_193",0,0,0,0,0,0,0,0,0,0,0,0,0,0,0,0,0,151
"OTU_1932",0,0,0,5,0,0,0,0,0,0,0,0,0,0,0,0,0,0
"OTU_1934",0,13,0,0,0,0,5,0,0,0,0,0,0,0,0,0,0,0
"OTU_1935",0,0,0,0,0,0,0,0,0,0,0,0,19,0,0,0,0,0
"OTU_1939",0,0,0,0,0,0,0,0,1,0,0,0,0,0,0,0,0,0
"OTU_194",17,7,16,52,75,13,15,13,9,17,10,22,12,0,8,0,57,4
"OTU_1940",0,0,0,0,0,0,8,0,1,0,0,0,0,0,0,0,0,0
"OTU_1944",0,0,0,0,0,0,0,0,0,0,0,0,8,0,0,0,0,0
"OTU_195",60,0,0,19,0,0,4,0,0,10,141,0,0,3,0,0,0,70
"OTU_1957",7,0,6,0,0,0,0,0,0,0,0,0,0,0,0,0,0,0
"OTU_1964",0,0,0,0,0,0,0,0,0,0,0,0,7,4,0,0,0,0
"OTU_1979",0,0,0,0,0,0,0,0,0,0,0,0,0,4,0,0,0,0
"OTU_1985",9,0,0,0,0,0,0,0,0,0,0,0,0,0,0,0,0,0
"OTU_1987",0,0,13,0,0,0,0,0,1,0,0,0,0,0,0,0,0,0
"OTU_199",0,175,45,0,7,5,46,33,13,77,0,41,70,1,36,53,16,0
"OTU_1997",0,0,0,5,0,0,0,0,0,0,0,0,0,0,0,0,0,0
"OTU_1999",0,0,0,0,0,0,0,0,0,0,0,0,0,0,0,0,0,4
"OTU_20",47,0,0,107,0,0,0,0,0,0,471,0,14,3400,0,0,0,0
"OTU_200",0,0,8,0,0,0,0,4,3,0,0,38,0,1,68,107,164,0
"OTU_2003",1,0,0,0,0,0,0,0,0,0,0,0,0,2,0,0,0,0
"OTU_2009",0,0,0,0,0,0,0,0,0,0,0,0,3,0,2,0,0,0
"OTU_201",0,0,0,0,0,0,0,14,0,0,0,0,0,0,0,0,0,155
"OTU_2017",0,0,0,0,0,0,0,0,4,0,0,0,0,0,0,0,0,0
"OTU_2019",0,0,0,0,0,0,0,17,0,0,0,0,0,0,0,0,0,0
"OTU_202",101,0,0,0,0,0,0,0,0,0,186,0,0,10,0,0,0,0
"OTU_203",0,0,133,0,0,0,0,0,0,0,0,0,543,50,0,0,0,0
"OTU_2033",0,0,0,0,0,0,0,4,2,0,0,0,0,0,0,0,0,0
"OTU_2036",0,0,0,0,0,0,0,0,0,0,0,0,0,4,0,0,0,0
"OTU_2038",0,0,0,0,0,0,0,0,0,0,0,0,0,0,4,8,0,0
"OTU_2040",0,0,0,0,0,0,0,0,0,7,0,0,0,0,0,0,0,0
"OTU_2048",4,0,0,0,0,0,0,0,0,0,0,0,0,0,0,0,0,0
"OTU_2049",0,0,0,0,4,0,0,0,0,0,0,0,0,0,0,0,2,0
"OTU_205",0,0,1070,0,0,0,0,0,0,0,0,0,0,0,0,0,0,0
"OTU_2052",0,0,0,0,0,0,3,3,1,0,0,0,0,0,0,0,0,0
"OTU_2053",0,0,0,0,0,0,0,0,0,0,1,0,0,0,4,0,0,0
"OTU_2054",0,0,0,0,0,0,0,0,0,0,0,0,0,0,3,0,0,0
"OTU_2055",0,0,0,0,0,0,0,0,0,0,0,0,0,0,6,0,0,0
"OTU_2058",0,0,0,0,3,0,0,1,1,0,0,0,0,0,1,0,2,0
"OTU_2059",0,0,0,0,0,0,0,0,3,0,0,0,0,0,0,0,0,0
"OTU_2067",0,0,0,6,0,0,0,0,0,0,0,0,0,0,0,0,0,0
"OTU_207",0,0,19,0,0,0,0,30,0,0,0,0,0,0,0,0,198,0
"OTU_2072",0,0,0,1,0,0,0,0,0,0,0,0,0,0,0,0,0,0
"OTU_2074",0,0,0,0,0,0,0,0,0,0,0,5,0,3,0,0,0,0
"OTU_2076",0,0,5,0,0,0,0,0,0,0,0,0,11,0,0,0,0,0
"OTU_209",3,11,64,24,49,44,14,67,15,36,2,122,91,4,0,0,0,6
"OTU_2090",4,0,0,0,0,0,0,0,0,0,4,0,0,0,0,0,0,0
"OTU_2092",0,0,0,0,0,0,0,1,3,0,0,0,0,0,0,0,0,0
"OTU_2099",0,0,0,0,0,0,0,0,1,0,0,11,0,0,0,0,0,0
"OTU_21",730,0,9,1155,194,121,10,0,0,252,425,284,57,74,584,64,37,45
"OTU_2100",0,0,0,0,0,0,0,0,0,0,0,0,0,0,0,0,0,2
"OTU_2106",0,0,0,0,0,0,0,0,0,0,3,0,0,0,0,0,0,0
"OTU_2108",0,0,0,0,0,0,0,0,4,0,0,0,0,0,0,0,0,0
"OTU_211",0,0,0,0,0,0,0,0,0,0,0,0,0,0,0,0,0,229
"OTU_2110",0,0,0,0,0,0,0,0,0,0,0,0,24,0,0,0,0,0
"OTU_2111",0,0,0,0,0,0,0,0,0,0,0,0,8,2,0,0,0,0
"OTU_2112",4,0,0,0,0,0,0,0,0,2,0,0,0,0,0,0,0,0
"OTU_2116",0,0,0,0,0,0,0,0,4,0,0,0,0,0,0,0,0,0
"OTU_2118",0,3,0,0,0,0,0,0,0,0,0,0,5,0,0,0,0,0
"OTU_2120",0,0,0,0,0,0,0,0,0,0,0,0,0,5,0,0,0,0
"OTU_2123",0,0,0,2,0,0,0,0,0,0,0,0,0,0,0,0,0,0
"OTU_2125",0,0,0,0,8,0,0,0,0,0,0,0,0,0,4,0,0,0
"OTU_2126",0,0,0,0,0,0,0,0,1,3,0,0,0,0,0,0,0,0
"OTU_2127",0,0,0,0,0,0,0,2,4,0,0,0,0,0,0,0,0,0
"OTU_2128",0,0,0,0,0,0,0,0,0,8,0,0,0,0,0,0,0,0
"OTU_2129",0,37,0,0,0,0,0,0,0,0,0,0,0,0,0,0,0,0
"OTU_2133",0,0,0,0,5,0,0,0,0,0,0,0,0,0,0,0,1,0
"OTU_2135",0,0,0,0,0,0,0,0,0,0,0,0,0,0,0,0,0,3
"OTU_2137",0,0,0,0,1,9,0,0,0,2,0,0,0,0,0,0,0,0
"OTU_2139",0,0,0,0,1,20,0,0,0,0,0,0,0,0,0,0,0,0
"OTU_214",0,0,0,0,140,25,0,0,0,0,0,0,0,0,4,0,0,0
"OTU_2145",0,0,0,0,0,0,0,0,0,0,0,0,16,0,0,0,0,0
"OTU_2147",0,0,0,0,0,0,0,0,0,0,0,0,0,0,7,0,0,0
"OTU_2153",0,0,0,0,0,0,0,0,0,0,2,0,2,0,0,0,0,0
"OTU_2156",0,0,0,0,0,0,0,7,1,0,0,0,0,0,0,0,0,0
"OTU_2157",0,0,0,0,0,0,0,0,0,0,0,0,0,0,2,0,0,0
"OTU_216",0,0,0,0,0,0,0,0,0,0,0,0,0,0,0,0,0,141
"OTU_2164",0,0,0,0,0,0,0,2,0,0,0,0,11,0,0,0,0,0
"OTU_2165",0,0,0,0,0,0,0,0,3,0,0,0,0,0,0,0,0,0
"OTU_217",0,0,0,0,0,0,0,0,0,0,0,0,0,0,0,0,0,140
"OTU_2173",0,0,0,0,0,0,0,0,0,0,0,0,5,0,1,0,0,0
"OTU_2175",2,0,0,0,0,0,0,0,0,2,0,0,0,0,0,0,0,0
"OTU_218",0,18,0,0,107,356,27,22,11,0,0,0,32,0,117,119,54,0
"OTU_2184",0,0,0,0,3,0,0,0,0,0,0,0,0,0,3,0,0,0
"OTU_2185",0,0,0,0,0,0,0,4,3,0,0,0,2,0,0,0,0,0
"OTU_2187",0,0,0,0,0,0,0,0,0,0,0,0,0,4,0,0,0,0
"OTU_2188",6,0,0,0,0,0,0,0,0,0,0,0,0,0,0,0,0,0
"OTU_219",0,5,0,0,20,208,53,11,6,56,1,11,0,1,46,231,58,0
"OTU_2194",0,0,0,0,0,0,0,0,0,0,2,0,0,0,0,0,0,0
"OTU_2195",0,0,0,0,7,10,0,0,0,0,0,0,0,0,0,0,0,0
"OTU_2197",0,0,0,0,0,0,0,0,0,0,0,16,0,0,0,0,0,0
"OTU_2198",0,0,0,0,0,0,0,0,0,0,0,0,14,4,0,0,0,0
"OTU_22",0,0,0,0,0,0,0,0,0,0,0,0,0,0,0,0,0,2969
"OTU_220",0,237,4,0,1,0,64,27,65,4,0,0,87,0,0,0,0,0
"OTU_2203",0,11,0,0,0,0,0,0,0,0,0,0,0,0,0,0,0,0
"OTU_2204",0,2,0,0,0,0,0,0,2,0,0,0,0,0,0,0,0,0
"OTU_2205",0,0,0,0,0,0,0,0,2,0,0,0,0,0,0,0,0,0
"OTU_2214",0,0,0,0,0,0,0,0,0,0,0,0,0,0,0,0,0,5
"OTU_2219",0,0,0,0,3,0,0,0,1,0,0,0,0,0,0,0,0,0
"OTU_222",0,24,291,0,21,0,16,0,20,15,0,0,84,21,7,27,2,0
"OTU_2220",0,0,15,0,0,0,0,0,0,0,0,3,0,0,0,0,0,0
"OTU_2223",0,0,0,0,3,6,0,0,0,0,0,0,0,0,0,0,0,2
"OTU_2224",0,0,0,0,2,0,0,0,0,1,0,0,0,0,0,0,0,0
"OTU_2229",0,0,0,0,0,0,0,0,0,0,0,0,0,0,6,0,0,0
"OTU_223",0,0,0,0,0,0,0,0,0,0,0,0,0,0,0,0,0,185
"OTU_2230",2,0,0,0,0,0,0,0,0,0,0,0,0,0,0,0,0,2
"OTU_2232",0,0,0,0,0,0,0,0,0,0,0,0,0,2,0,0,0,0
"OTU_2233",0,0,0,0,2,5,0,0,0,0,0,0,0,0,0,0,0,0
"OTU_2235",0,0,0,0,0,0,0,0,0,3,0,0,0,0,2,0,0,1
"OTU_2236",0,0,0,0,0,0,0,0,0,0,6,0,0,0,0,0,0,0
"OTU_2238",0,0,0,0,0,0,0,0,0,0,0,0,5,1,0,0,0,0
"OTU_224",0,561,0,0,0,0,0,0,12,0,0,0,0,1,0,0,0,0
"OTU_2242",0,2,0,0,0,0,0,6,0,0,0,0,0,0,0,0,0,0
"OTU_2245",0,0,0,0,0,0,0,0,0,4,0,0,0,0,4,0,0,0
"OTU_2247",0,0,0,0,0,0,0,0,0,0,0,0,0,0,0,0,2,0
"OTU_225",0,6,0,0,0,27,0,0,86,0,0,0,0,0,27,17,19,0
"OTU_2250",0,0,0,0,0,0,0,0,0,0,0,0,0,0,3,0,2,0
"OTU_2253",0,0,0,0,0,0,0,0,0,0,0,10,0,0,0,0,0,0
"OTU_2257",0,0,0,0,0,0,0,0,0,0,0,0,8,3,0,0,0,0
"OTU_2258",0,0,0,0,0,0,0,0,0,0,4,0,0,0,0,0,0,0
"OTU_2259",3,0,0,0,0,0,0,0,0,0,0,0,0,1,0,0,0,0
"OTU_2260",0,0,0,0,0,0,0,0,0,4,0,0,0,0,0,0,0,0
"OTU_2263",0,0,0,6,0,0,0,0,0,0,0,0,0,0,0,0,0,0
"OTU_2264",0,0,0,0,0,0,0,0,0,0,0,0,5,0,1,6,0,0
"OTU_2265",0,9,0,0,0,0,0,0,0,1,0,0,0,0,0,0,0,0
"OTU_227",0,0,0,0,0,0,0,3,0,0,0,0,0,0,2,0,25,79
"OTU_2271",0,9,0,0,0,0,0,0,0,0,0,0,0,0,0,0,0,0
"OTU_2272",0,0,0,0,0,0,0,3,2,0,0,0,0,0,0,0,0,0
"OTU_2273",0,0,0,1,0,0,0,0,0,0,0,0,0,0,0,0,0,0
"OTU_2274",0,0,0,0,0,0,0,0,0,0,3,0,0,0,0,0,0,0
"OTU_2277",0,0,0,0,0,0,0,0,0,0,0,0,0,0,0,0,0,2
"OTU_2279",0,0,0,0,0,0,0,0,3,0,0,0,0,0,0,0,0,0
"OTU_228",0,0,0,0,0,0,0,0,0,0,0,0,5,166,0,0,0,0
"OTU_2282",0,5,4,0,0,0,0,0,0,0,0,0,0,1,0,0,0,0
"OTU_2284",0,0,0,0,0,0,0,0,0,0,0,0,0,0,0,0,0,3
"OTU_2288",0,13,0,0,0,0,0,0,0,0,0,0,0,0,0,0,0,0
"OTU_2289",0,9,0,0,0,0,0,0,0,0,0,0,0,0,0,0,0,0
"OTU_2291",0,0,0,0,0,0,0,3,1,0,0,0,0,0,0,0,0,0
"OTU_2294",0,15,0,0,0,0,0,0,0,0,0,0,0,0,0,0,0,0
"OTU_2295",0,12,0,0,0,0,0,0,0,0,0,0,0,0,0,0,0,0
"OTU_2297",0,0,0,0,0,0,0,0,0,0,0,0,0,4,0,0,0,0
"OTU_2298",0,0,0,0,1,0,0,0,2,0,0,0,10,0,0,0,0,0
"OTU_2299",0,0,0,0,0,0,0,0,4,0,0,0,0,0,0,0,0,0
"OTU_2300",0,0,0,0,0,0,0,0,0,5,0,0,0,0,0,0,0,0
"OTU_2303",0,0,0,0,0,0,0,0,0,0,0,0,0,0,6,0,0,0
"OTU_231",58,45,77,17,143,0,19,0,10,9,18,0,33,34,0,0,6,0
"OTU_2312",0,0,0,0,0,0,0,0,0,0,0,0,0,0,3,0,1,0
"OTU_232",0,179,0,0,0,0,30,32,22,75,3,116,0,0,0,0,0,0
"OTU_2322",0,0,0,0,0,0,0,0,0,0,0,0,0,0,0,0,0,3
"OTU_2325",0,10,0,0,0,0,0,0,0,0,0,0,0,0,0,0,0,0
"OTU_2326",0,6,0,0,0,0,0,0,0,0,0,0,0,2,0,0,0,0
"OTU_2327",0,0,0,0,0,0,0,0,0,0,0,12,0,0,0,0,0,0
"OTU_233",0,0,0,0,354,34,0,0,0,0,0,0,0,0,0,0,0,0
"OTU_2332",0,2,0,0,0,0,0,3,0,0,0,0,0,0,0,0,0,0
"OTU_2339",0,0,0,0,0,11,0,0,0,0,0,0,0,0,0,20,0,0
"OTU_234",91,0,0,9,0,0,1,0,0,2,145,0,0,0,0,0,0,0
"OTU_2342",0,0,0,0,0,0,0,0,0,0,0,0,10,0,0,0,0,0
"OTU_2345",0,4,0,0,0,0,0,6,0,3,0,0,0,0,0,0,0,0
"OTU_2356",0,0,0,0,1,0,0,0,0,0,0,5,0,0,2,0,1,0
"OTU_2360",0,0,0,0,0,0,0,0,0,0,0,0,0,0,0,0,0,3
"OTU_2364",0,0,0,0,0,0,0,0,0,0,0,0,0,0,0,0,0,1
"OTU_2366",0,0,0,0,1,0,0,0,0,0,0,0,0,0,1,0,0,0
"OTU_237",0,0,13,119,5,0,3,0,2,0,0,128,17,0,0,0,0,2
"OTU_2370",0,0,0,0,0,0,0,0,0,0,0,3,0,0,0,0,0,0
"OTU_2371",0,5,0,0,0,0,0,0,0,0,0,0,9,0,0,0,0,0
"OTU_2373",0,0,0,0,0,6,0,3,0,2,0,0,0,0,0,0,0,0
"OTU_2374",0,0,0,0,0,0,0,0,2,0,0,0,0,0,0,0,0,0
"OTU_2376",0,0,0,0,0,0,0,0,0,1,0,0,0,0,0,0,0,1
"OTU_2378",0,0,0,1,0,0,0,0,0,0,0,0,0,0,0,0,0,0
"OTU_238",0,0,0,182,0,0,0,0,0,0,0,0,0,0,0,0,0,0
"OTU_2380",0,0,3,0,0,0,0,0,0,0,0,0,7,1,0,0,0,0
"OTU_2382",0,0,0,0,3,6,0,0,0,0,0,0,0,0,0,0,0,0
"OTU_2384",0,0,0,0,0,0,0,6,0,0,0,0,0,0,0,0,0,0
"OTU_2386",0,0,0,0,0,0,0,0,0,0,0,0,0,3,0,0,0,0
"OTU_2387",0,0,0,0,0,0,0,0,0,0,0,0,0,0,0,0,0,2
"OTU_2389",0,17,0,0,0,0,0,0,0,0,0,0,0,0,0,0,0,0
"OTU_2394",0,0,0,0,0,0,0,0,0,0,0,22,0,0,0,0,0,0
"OTU_2395",0,0,0,0,0,0,0,0,0,0,0,0,0,0,2,0,0,0
"OTU_2398",0,0,0,0,0,0,0,0,1,0,0,0,0,0,0,0,0,0
"OTU_240",10,0,0,67,26,0,0,0,0,0,47,22,25,0,0,0,0,8
"OTU_241",0,83,68,0,29,42,16,9,8,9,0,12,18,4,22,48,57,0
"OTU_2410",0,0,0,0,0,0,0,0,0,0,0,0,12,0,0,0,0,0
"OTU_2417",0,0,0,1,0,0,0,0,0,2,0,0,0,0,0,0,0,0
"OTU_2418",0,0,0,4,0,0,0,0,0,0,0,0,0,0,0,0,0,0
"OTU_2419",0,0,0,1,0,0,0,0,0,0,2,0,0,0,0,0,0,0
"OTU_242",0,0,0,20,0,0,17,0,0,209,4,0,0,8,3,0,0,5
"OTU_2420",0,0,0,0,0,0,0,7,0,0,0,0,0,0,0,0,0,0
"OTU_2421",0,0,0,0,0,0,0,0,0,0,0,0,9,0,0,0,0,0
"OTU_243",0,17,46,0,0,0,0,11,0,0,5,0,0,0,10,0,0,104
"OTU_2433",0,0,0,0,0,0,0,8,0,0,0,0,0,0,0,0,0,0
"OTU_2434",0,0,0,0,0,0,0,0,0,8,0,0,0,0,0,0,0,0
"OTU_2440",0,0,0,0,5,3,0,0,0,0,0,0,0,0,0,0,0,0
"OTU_2441",0,0,0,0,5,3,0,0,0,0,0,0,0,0,0,0,0,0
"OTU_245",0,0,11,0,24,22,7,101,22,6,0,0,44,1,13,18,7,47
"OTU_2450",0,10,0,0,0,0,0,0,0,0,0,0,0,0,0,0,0,0
"OTU_2455",0,0,2,1,0,0,0,0,0,0,0,0,1,1,0,0,0,0
"OTU_2456",0,0,0,0,0,0,0,0,0,0,0,10,2,0,0,0,0,0
"OTU_246",119,0,0,17,0,0,22,0,4,97,2,0,0,9,0,0,0,0
"OTU_2465",0,0,0,0,0,0,0,8,0,0,0,0,0,0,0,0,0,0
"OTU_2473",0,0,0,0,0,0,0,0,0,0,0,0,0,1,0,0,0,0
"OTU_2479",0,0,14,0,0,0,0,0,0,0,0,0,0,0,0,0,0,0
"OTU_248",0,0,0,153,0,0,0,0,0,0,0,0,0,0,0,0,0,0
"OTU_2490",0,0,0,0,0,0,0,0,0,0,1,0,0,0,0,0,0,0
"OTU_2491",0,0,0,0,0,0,0,9,0,0,0,0,0,0,0,0,0,0
"OTU_2493",0,0,0,0,0,0,0,3,3,0,0,0,0,0,0,0,0,0
"OTU_2494",2,0,0,0,0,0,0,0,0,0,0,0,0,0,0,0,0,0
"OTU_2497",0,0,0,0,0,0,0,0,0,0,0,0,0,0,0,0,0,2
"OTU_25",634,0,0,0,0,0,9,0,0,261,4,0,0,0,111,251,813,0
"OTU_250",0,0,0,0,0,0,38,36,83,12,8,114,20,0,0,0,0,0
"OTU_2500",0,0,0,0,0,0,0,0,1,0,0,0,0,0,0,0,0,0
"OTU_2502",0,0,0,0,0,0,0,0,0,0,0,0,0,4,0,0,0,0
"OTU_2503",0,0,0,0,2,0,0,0,1,0,0,0,0,0,0,0,0,0
"OTU_2506",0,0,0,0,0,0,0,5,2,0,0,0,0,0,0,0,0,0
"OTU_2508",0,0,0,0,0,0,0,0,5,0,0,0,0,0,0,0,0,0
"OTU_2509",0,0,0,0,0,0,0,0,0,0,1,0,0,0,4,0,0,0
"OTU_251",63,0,0,10,0,0,3,0,0,37,90,11,0,10,0,0,4,0
"OTU_2510",0,0,0,0,0,0,0,0,0,0,0,0,0,5,0,0,0,0
"OTU_2513",2,0,0,0,0,0,0,0,0,0,0,0,0,0,0,0,0,0
"OTU_2517",0,9,0,0,0,0,0,0,0,0,0,0,0,0,0,0,0,0
"OTU_2525",0,10,0,0,0,0,0,0,0,0,0,0,0,0,0,0,0,0
"OTU_2527",0,0,0,0,0,0,0,0,0,0,0,0,0,0,0,0,0,0
"OTU_2529",0,0,0,0,0,0,0,0,2,0,0,0,0,0,0,0,0,0
"OTU_2530",0,0,0,0,0,0,0,0,3,0,0,0,0,0,0,0,0,0
"OTU_2543",0,0,0,0,0,0,0,0,0,0,0,0,0,0,0,0,0,3
"OTU_2545",1,0,1,0,0,0,0,0,0,0,0,0,3,0,0,0,0,0
"OTU_255",230,0,0,0,0,0,0,0,0,0,26,0,0,9,0,0,0,0
"OTU_2552",7,0,0,0,0,0,0,0,0,0,0,0,0,0,0,0,0,0
"OTU_2553",4,0,0,0,0,0,0,0,0,0,0,0,0,0,0,0,0,0
"OTU_2554",0,3,0,0,0,0,0,0,0,2,0,0,0,0,0,0,0,0
"OTU_2556",0,0,0,0,0,0,0,0,0,0,0,0,0,0,4,10,0,0
"OTU_2559",0,6,0,0,0,0,0,0,0,0,0,0,0,0,0,0,0,0
"OTU_2562",0,0,0,0,2,0,0,1,0,0,0,0,0,0,1,0,0,0
"OTU_257",0,0,0,0,97,0,0,13,0,0,0,407,0,0,0,0,0,0
"OTU_2574",0,0,0,0,0,0,2,0,0,0,0,0,0,0,0,6,0,0
"OTU_2575",0,0,0,0,7,0,0,0,0,0,0,0,0,0,0,0,0,0
"OTU_2577",0,0,0,0,0,0,0,0,0,0,0,0,0,0,0,0,0,3
"OTU_2578",3,0,0,0,0,0,0,0,0,0,0,0,0,0,0,0,0,0
"OTU_2579",5,0,0,1,0,0,0,0,0,0,0,0,0,0,0,0,0,0
"OTU_258",49,0,0,23,0,0,5,0,0,8,54,0,0,3,0,0,0,35
"OTU_2582",0,9,0,0,0,0,0,0,0,0,0,0,0,0,0,0,0,0
"OTU_2588",0,0,0,2,0,0,0,0,0,0,0,0,0,1,0,0,0,0
"OTU_2593",0,0,0,0,0,0,0,2,1,0,0,0,0,0,0,0,0,0
"OTU_2596",0,0,0,0,0,0,0,0,0,0,2,0,0,0,0,0,0,0
"OTU_260",0,0,0,0,15,22,0,0,0,0,0,0,0,0,102,165,34,5
"OTU_261",1,108,0,0,23,21,11,0,20,0,5,0,0,0,100,199,11,0
"OTU_2610",0,0,0,0,0,0,0,0,0,0,0,0,0,0,7,0,0,0
"OTU_2612",0,0,0,0,0,0,0,0,0,0,0,0,0,0,0,0,0,2
"OTU_2613",0,0,0,0,0,0,0,0,2,1,0,0,0,0,0,0,0,0
"OTU_2615",0,0,4,0,0,0,0,0,0,0,0,0,7,0,0,0,0,0
"OTU_2619",0,0,0,0,0,0,0,0,0,0,0,0,0,2,0,0,0,0
"OTU_262",0,0,0,0,0,0,0,0,0,0,0,0,0,0,0,0,0,104
"OTU_2625",0,0,0,0,0,0,0,0,0,4,0,0,0,0,0,0,0,0
"OTU_2626",0,0,0,0,0,0,0,0,0,0,0,0,10,0,0,0,0,0
"OTU_2627",0,0,0,0,0,0,0,0,0,0,0,0,0,0,0,0,0,2
"OTU_2631",0,0,0,0,0,9,0,0,0,0,0,0,0,0,0,0,0,0
"OTU_2636",0,0,0,0,0,0,0,0,0,0,0,0,0,0,0,0,0,2
"OTU_2638",0,0,0,0,0,0,0,0,0,0,0,0,0,0,0,0,0,0
"OTU_2639",0,0,4,0,0,0,0,0,0,0,0,4,0,0,0,0,0,0
"OTU_2641",0,0,0,0,0,0,0,0,0,0,0,0,4,1,0,0,0,0
"OTU_2647",7,0,0,0,0,0,0,0,0,0,0,0,0,0,0,0,0,0
"OTU_2654",0,0,7,0,0,0,0,0,0,0,0,0,4,0,0,0,0,0
"OTU_2655",0,0,12,0,0,0,0,0,0,0,0,0,0,0,0,0,0,0
"OTU_2656",0,0,0,2,0,0,0,0,0,0,0,0,0,0,0,0,0,0
"OTU_2657",0,0,0,0,3,0,0,0,0,0,0,0,0,0,0,0,0,1
"OTU_266",0,235,0,0,0,0,0,23,52,11,0,0,15,0,0,0,0,0
"OTU_2662",5,0,0,0,0,0,0,0,0,0,0,0,0,0,0,0,0,0
"OTU_2663",0,0,2,0,0,0,0,0,0,0,0,0,5,0,0,0,0,0
"OTU_2666",0,8,0,0,0,0,0,0,0,0,0,0,0,0,0,0,0,0
"OTU_2668",0,0,0,0,0,0,1,0,0,0,0,0,0,0,0,0,0,0
"OTU_2673",1,0,0,0,0,0,0,0,1,0,0,0,0,0,0,0,0,0
"OTU_2674",0,8,0,0,0,0,0,0,0,0,0,0,0,0,0,0,0,0
"OTU_2677",0,0,0,0,0,0,0,0,0,0,0,3,0,0,0,0,0,0
"OTU_268",0,82,0,0,88,0,0,17,2,0,0,246,0,0,0,0,0,0
"OTU_2685",0,0,0,0,0,0,0,0,0,0,0,0,0,0,1,10,0,0
"OTU_269",0,187,0,0,25,88,15,132,19,18,0,6,0,0,0,0,0,2
"OTU_2693",0,0,0,0,0,0,0,0,0,0,0,0,0,0,0,0,1,0
"OTU_2694",0,0,0,0,0,0,0,0,0,0,0,0,0,0,0,0,0,1
"OTU_2695",0,9,0,0,0,0,0,0,0,0,0,0,0,0,0,0,0,0
"OTU_2696",0,0,3,0,0,0,0,4,0,0,0,0,0,0,0,0,0,0
"OTU_2699",0,0,0,0,0,0,0,1,0,0,0,0,0,0,0,0,0,0
"OTU_27",0,0,0,0,50,0,46,24,0,8,5,1718,0,0,336,782,2370,3
"OTU_270",0,0,617,0,0,0,12,0,7,0,0,0,16,0,0,0,0,0
"OTU_2704",0,11,0,0,0,0,0,0,0,0,0,0,0,2,0,0,0,0
"OTU_2713",0,12,0,0,0,0,0,0,0,0,0,0,0,0,0,0,0,0
"OTU_2714",0,0,0,3,0,0,0,0,0,0,0,0,0,0,0,0,0,0
"OTU_2721",0,0,0,0,0,0,0,0,0,0,0,0,0,1,0,0,0,0
"OTU_2724",0,0,0,0,0,0,0,0,0,0,0,0,0,0,0,0,0,0
"OTU_2727",0,9,0,0,0,0,0,0,0,0,0,0,0,0,0,0,0,0
"OTU_2728",0,0,0,0,0,0,0,0,2,0,0,0,0,0,0,0,0,0
"OTU_273",0,89,0,0,16,127,0,20,36,10,4,17,7,0,0,22,0,26
"OTU_2730",0,0,0,0,0,0,0,9,0,0,0,0,0,0,0,0,0,0
"OTU_2731",0,0,0,0,0,0,0,0,1,2,0,0,0,0,0,0,0,0
"OTU_2733",0,0,0,0,0,0,0,0,3,0,0,0,0,0,0,0,0,0
"OTU_2737",0,0,0,0,0,0,0,0,0,0,0,0,0,2,0,0,0,0
"OTU_2738",0,0,0,0,0,0,0,0,0,0,0,0,0,0,7,0,0,0
"OTU_2739",0,0,0,0,0,0,0,0,0,0,0,0,0,0,0,33,0,0
"OTU_274",0,29,0,0,38,53,0,19,10,23,0,114,0,0,16,27,2,9
"OTU_2740",0,0,0,0,0,0,0,0,0,0,0,0,0,1,0,0,0,0
"OTU_2741",0,0,14,0,0,0,0,0,0,0,0,0,0,0,0,0,0,0
"OTU_2745",0,0,0,0,0,0,2,0,0,2,0,0,0,0,0,0,0,0
"OTU_2746",0,0,0,0,0,0,0,0,5,0,0,0,0,0,0,0,0,0
"OTU_2750",0,0,0,0,0,0,0,0,0,0,0,0,0,0,0,0,0,2
"OTU_2755",0,0,0,0,0,0,0,0,0,0,0,0,0,3,0,0,0,0
"OTU_2757",0,0,0,0,0,0,0,0,0,0,0,0,0,0,0,0,0,4
"OTU_2759",0,0,0,0,0,0,0,0,0,0,0,0,0,1,0,0,0,0
"OTU_276",0,0,0,0,102,604,0,0,0,0,0,0,0,0,10,0,12,0
"OTU_2764",0,0,0,0,0,0,0,3,0,0,0,0,0,0,0,0,0,0
"OTU_2769",0,0,0,0,0,0,0,0,1,0,0,0,0,0,2,0,0,0
"OTU_277",0,0,0,0,40,19,0,0,0,0,0,14,0,0,30,0,13,3
"OTU_2770",0,0,0,0,0,0,0,0,0,0,0,0,10,0,0,0,0,0
"OTU_278",120,0,0,3,0,0,0,0,0,18,19,0,0,77,0,0,0,0
"OTU_2782",0,7,0,0,0,0,0,0,0,0,0,0,0,0,0,0,0,0
"OTU_2783",0,0,0,0,0,0,0,0,1,0,0,0,0,0,0,0,0,0
"OTU_2787",0,0,0,2,0,0,0,0,0,0,0,0,0,0,0,0,0,0
"OTU_2789",0,0,0,0,0,0,0,0,0,0,0,0,6,0,0,0,0,0
"OTU_279",0,16,31,0,11,8,0,25,7,0,0,8,0,2,15,30,4,58
"OTU_2798",0,0,0,0,0,0,0,0,2,0,0,0,0,0,0,0,0,0
"OTU_2799",0,0,0,0,0,0,0,0,0,0,4,0,0,0,0,0,0,0
"OTU_280",0,0,0,0,25,39,0,0,0,0,0,0,0,0,121,235,3,3
"OTU_2801",0,0,0,0,0,0,0,0,0,0,0,0,0,0,5,0,0,0
"OTU_2807",0,0,0,0,0,0,0,0,0,0,0,0,1,0,0,0,0,0
"OTU_281",0,0,0,0,26,38,0,16,5,0,0,0,0,0,90,53,30,0
"OTU_2816",0,0,0,0,0,0,0,0,0,0,0,0,0,0,5,0,0,0
"OTU_2819",0,0,0,0,0,0,0,0,0,0,0,0,0,0,0,0,0,4
"OTU_2827",0,0,2,0,0,0,0,0,0,0,0,0,0,0,0,0,0,1
"OTU_2828",0,0,0,0,3,0,0,0,0,0,0,0,0,0,1,0,0,0
"OTU_283",160,0,0,41,0,0,0,0,0,0,0,0,0,0,0,0,0,0
"OTU_2833",0,0,0,0,0,0,0,0,0,0,0,0,0,1,0,0,0,0
"OTU_2835",3,0,0,0,0,0,0,0,0,0,0,0,0,0,0,0,0,0
"OTU_2836",1,0,0,0,0,0,0,0,0,2,0,0,0,0,0,0,0,0
"OTU_284",15,0,0,0,4,0,0,0,0,2,0,0,0,0,20,0,136,0
"OTU_2846",0,0,0,0,0,0,0,0,0,0,0,0,0,1,0,0,0,0
"OTU_2847",0,0,0,0,0,0,0,0,0,0,0,0,0,0,3,0,0,0
"OTU_285",20,0,0,66,0,0,0,0,0,43,19,0,0,10,0,0,0,0
"OTU_2850",0,12,0,0,0,0,0,0,0,0,0,0,0,0,0,0,0,0
"OTU_2856",0,0,0,2,0,0,0,0,0,0,0,0,0,0,0,0,0,0
"OTU_2857",0,0,0,2,0,0,0,2,0,0,0,0,0,0,0,0,0,0
"OTU_2859",0,0,0,0,0,0,0,0,0,0,0,19,0,0,0,0,0,0
"OTU_2865",0,0,0,0,4,0,0,0,0,0,0,0,0,0,0,0,0,0
"OTU_2870",0,0,0,0,0,0,0,0,0,0,0,0,0,3,0,0,0,0
"OTU_2879",0,5,0,0,0,0,0,0,0,0,0,0,0,0,0,0,0,0
"OTU_2885",0,0,9,0,0,0,0,0,0,0,0,0,0,0,0,0,0,0
"OTU_2888",0,0,0,0,0,0,0,0,0,0,0,0,0,0,0,0,0,0
"OTU_289",0,0,0,0,0,0,0,0,0,0,0,0,0,0,24,47,3,71
"OTU_2890",0,0,0,0,0,0,0,0,3,0,0,0,0,0,0,0,0,0
"OTU_2891",0,0,0,0,0,0,0,0,0,0,0,8,0,0,0,0,0,0
"OTU_2896",0,6,0,0,0,0,0,0,0,0,0,0,0,0,0,0,0,0
"OTU_2899",0,0,0,0,0,0,0,0,0,0,0,0,12,0,0,0,0,0
"OTU_29",0,0,0,0,1697,81,0,0,10,0,0,0,0,0,2042,1312,63,244
"OTU_2909",0,0,0,0,0,0,0,0,0,0,0,0,0,0,0,0,0,0
"OTU_2912",0,0,4,0,0,0,0,0,0,0,0,0,0,0,0,0,0,0
"OTU_2914",0,0,0,0,0,0,0,5,0,0,0,0,0,0,0,0,0,0
"OTU_2924",0,0,0,0,0,0,0,0,0,0,0,0,4,0,0,0,0,0
"OTU_2929",3,0,0,0,0,0,0,0,0,0,0,0,0,0,0,0,0,0
"OTU_293",0,149,0,0,4,0,32,34,26,9,5,0,10,0,16,75,0,0
"OTU_2930",0,0,0,0,0,0,0,0,0,2,0,0,0,0,0,0,0,0
"OTU_294",0,0,0,0,69,356,0,0,0,0,0,0,124,0,0,28,14,0
"OTU_2943",0,0,0,0,0,0,0,0,0,0,0,0,6,0,0,0,0,0
"OTU_2945",0,0,0,0,0,0,0,0,0,0,0,0,0,1,0,0,0,0
"OTU_2964",0,0,0,0,0,0,0,0,0,0,0,4,0,0,0,0,0,0
"OTU_2965",0,0,0,0,0,0,0,0,0,0,0,2,0,0,0,0,0,0
"OTU_297",0,0,0,0,0,0,0,0,0,0,0,0,0,0,0,0,0,77
"OTU_2971",0,6,0,0,0,0,0,0,0,0,0,0,0,0,0,0,0,0
"OTU_2977",0,0,0,0,0,0,0,0,0,0,0,0,0,0,0,12,0,0
"OTU_2981",4,0,0,0,0,0,0,0,0,0,0,0,0,0,0,0,0,0
"OTU_2985",0,0,6,0,0,0,0,0,0,0,0,0,0,0,0,0,0,0
"OTU_2987",0,0,0,0,2,0,0,0,0,0,0,0,0,0,0,0,1,0
"OTU_299",0,0,0,0,0,0,0,26,8,6,0,320,0,0,0,0,0,0
"OTU_2999",0,0,0,0,0,0,0,0,0,0,0,0,0,0,0,0,0,0
"OTU_30",0,0,0,0,0,0,0,0,0,0,0,0,0,2265,0,0,0,0
"OTU_300",7,0,0,98,0,0,0,0,0,0,0,0,0,0,0,0,0,11
"OTU_3001",0,0,0,0,0,0,0,0,3,1,0,0,0,0,0,0,0,0
"OTU_3007",4,0,0,0,0,0,0,0,0,0,0,0,0,0,0,0,0,0
"OTU_3008",0,14,0,0,0,0,0,0,0,0,0,0,0,0,0,0,0,0
"OTU_301",0,0,0,0,0,0,0,0,0,0,0,0,0,0,8,0,0,80
"OTU_3015",0,0,0,0,5,5,0,0,0,0,0,0,0,0,0,0,0,0
"OTU_302",0,70,0,0,0,0,0,0,0,0,0,0,0,0,0,0,0,172
"OTU_3020",0,0,0,0,0,0,0,0,0,0,0,0,0,1,0,0,0,0
"OTU_3021",0,0,0,0,0,0,0,0,0,0,0,0,0,0,0,0,0,0
"OTU_3025",0,5,0,0,0,0,0,0,0,0,0,0,0,0,0,0,0,0
"OTU_3029",0,0,15,0,0,0,0,0,0,0,0,0,0,0,0,0,0,0
"OTU_3037",0,0,0,0,0,0,0,2,1,0,0,0,0,0,0,0,0,0
"OTU_3046",0,0,0,0,0,0,0,4,0,0,0,0,0,0,0,0,0,0
"OTU_3048",0,0,0,0,0,0,0,0,0,0,0,0,8,0,0,0,0,0
"OTU_3052",0,0,0,0,0,0,0,0,0,0,0,0,0,2,0,0,0,0
"OTU_3057",0,5,0,0,0,0,0,0,0,0,0,0,0,0,0,0,0,0
"OTU_306",0,0,20,0,60,107,3,16,6,20,0,34,13,7,27,52,2,4
"OTU_3060",0,0,0,0,0,0,0,0,0,0,0,0,2,1,0,0,0,0
"OTU_3063",0,0,0,0,0,0,0,2,1,0,0,0,0,0,0,0,0,0
"OTU_3064",0,0,0,0,0,0,0,0,0,4,0,0,0,0,0,0,0,0
"OTU_307",0,69,37,0,0,0,0,22,22,0,0,17,173,6,0,0,0,0
"OTU_3071",0,2,0,0,0,0,0,0,0,0,1,0,0,0,0,0,0,0
"OTU_3072",0,5,0,0,0,0,0,0,0,0,0,0,0,0,0,0,0,0
"OTU_3074",0,7,0,0,0,0,0,0,0,0,0,0,0,0,0,0,0,0
"OTU_3076",0,0,0,0,0,0,0,0,2,0,0,0,0,0,0,0,0,0
"OTU_308",9,0,0,11,6,7,0,0,0,4,0,11,0,0,30,0,1,3
"OTU_3080",0,0,0,0,0,0,0,0,1,0,0,0,0,0,0,0,0,0
"OTU_3083",0,0,0,0,0,0,0,0,0,0,0,0,0,0,0,21,0,0
"OTU_3085",3,0,0,0,0,0,0,0,0,0,0,0,0,0,0,0,0,0
"OTU_3088",0,0,0,0,0,0,0,0,0,0,0,0,0,1,0,0,0,0
"OTU_3094",0,0,0,0,0,0,0,3,1,0,0,0,0,0,0,0,0,0
"OTU_3102",0,0,0,0,0,0,0,0,0,0,0,3,0,0,0,0,0,0
"OTU_3107",0,0,0,0,3,0,0,0,0,0,0,0,0,0,0,11,0,0
"OTU_3108",0,0,0,0,1,0,0,0,0,0,0,0,0,0,0,0,0,0
"OTU_3114",0,0,0,0,0,0,0,0,0,0,0,0,0,1,0,0,0,0
"OTU_3116",1,0,0,0,0,0,0,0,0,0,0,0,0,0,0,0,0,0
"OTU_3117",0,0,0,0,0,0,0,0,0,2,0,0,0,0,0,0,0,0
"OTU_3118",0,0,0,0,0,0,0,0,0,0,0,0,4,0,0,0,0,0
"OTU_3119",0,5,0,0,0,0,0,0,0,0,0,0,0,0,0,0,0,0
"OTU_3125",0,0,9,0,0,0,0,0,0,0,0,0,0,0,0,0,0,0
"OTU_313",0,0,322,0,0,0,1,27,11,3,0,0,98,2,0,0,0,0
"OTU_3132",0,0,0,0,0,0,0,0,0,0,0,0,0,0,0,0,0,2
"OTU_3148",0,0,0,0,0,0,0,0,0,0,0,7,0,0,0,0,0,0
"OTU_315",13,81,0,0,3,7,15,0,7,0,7,0,0,6,71,35,14,0
"OTU_3150",0,0,0,0,0,0,0,0,0,0,0,0,0,0,0,0,0,2
"OTU_3153",0,2,0,0,0,0,0,0,1,0,0,0,0,0,0,0,0,0
"OTU_3157",0,0,0,0,5,0,0,0,0,0,0,0,0,0,0,0,0,0
"OTU_3158",0,0,0,0,2,0,0,0,0,0,0,0,0,0,0,0,0,0
"OTU_3159",0,0,0,0,0,0,0,0,1,0,0,0,0,0,0,0,0,0
"OTU_316",0,0,0,21,0,0,0,0,0,0,0,0,0,72,0,0,0,4
"OTU_3165",0,0,0,0,0,0,0,0,0,0,0,0,0,0,2,0,0,0
"OTU_317",0,6,59,1,0,0,0,20,0,9,15,0,0,0,33,0,0,33
"OTU_3170",0,0,0,0,0,0,0,0,0,1,0,0,0,0,0,0,0,0
"OTU_3175",0,0,0,0,0,0,3,0,0,0,0,0,0,0,0,0,0,0
"OTU_318",0,0,17,101,0,0,0,0,6,0,1,0,0,0,0,0,0,0
"OTU_3180",0,0,0,0,0,0,0,0,0,0,0,0,0,0,2,0,0,0
"OTU_3185",5,0,0,0,0,0,0,0,0,0,0,0,0,0,0,0,0,0
"OTU_3188",0,6,0,0,0,0,0,0,0,0,0,0,0,0,0,0,0,0
"OTU_3193",0,0,14,0,0,0,0,0,0,0,0,0,0,0,0,0,0,0
"OTU_3203",0,0,0,0,0,0,2,0,0,0,0,0,0,0,0,0,0,0
"OTU_321",0,0,0,0,0,0,0,0,0,0,0,0,0,0,163,129,21,0
"OTU_3210",0,0,9,0,0,0,0,0,0,0,0,0,0,0,0,0,0,0
"OTU_3211",0,0,10,0,0,0,0,0,0,0,0,0,0,0,0,0,0,0
"OTU_322",0,27,93,0,0,0,4,8,2,0,0,8,253,0,14,0,0,0
"OTU_3230",0,0,0,0,0,0,0,0,0,3,0,0,0,0,0,0,0,0
"OTU_3236",0,0,0,0,0,0,0,0,0,0,0,0,4,0,0,0,0,0
"OTU_3243",0,0,10,0,0,0,0,0,0,0,0,0,0,0,0,0,0,0
"OTU_3249",0,0,0,0,0,0,0,0,0,0,0,0,6,0,0,0,0,0
"OTU_325",9,0,37,29,8,13,0,9,3,4,3,0,0,1,49,114,5,2
"OTU_3254",0,0,0,1,0,0,0,0,0,0,0,0,0,0,0,0,0,0
"OTU_3255",0,0,0,1,0,0,0,0,0,0,0,0,0,0,0,0,0,0
"OTU_326",3,23,36,20,0,0,0,0,0,0,6,10,71,9,49,30,8,2
"OTU_3267",0,0,0,0,0,0,0,0,0,0,0,0,0,0,0,0,0,0
"OTU_3269",0,0,0,0,0,0,0,0,0,0,0,0,5,0,0,0,0,0
"OTU_3270",0,0,0,0,0,0,0,0,0,0,0,0,5,0,0,0,0,0
"OTU_3271",0,0,0,0,0,0,0,0,0,0,0,0,8,0,0,0,0,0
"OTU_3275",0,0,0,0,0,0,0,0,0,0,0,0,0,0,0,0,0,2
"OTU_328",0,0,0,0,0,0,0,0,0,0,0,0,0,99,0,0,0,0
"OTU_3280",0,5,0,0,0,0,0,0,0,0,0,0,0,0,0,0,0,0
"OTU_3284",0,0,0,2,0,0,0,0,0,0,0,0,0,0,0,0,0,0
"OTU_3286",0,0,0,0,0,0,0,0,0,0,0,0,0,0,0,0,0,0
"OTU_3289",0,0,0,0,0,0,0,2,0,0,0,0,0,1,0,0,0,0
"OTU_329",0,0,0,28,6,14,0,0,0,0,5,0,0,4,0,0,0,44
"OTU_3293",0,0,0,0,0,0,0,0,0,0,0,0,7,0,0,0,0,0
"OTU_3294",0,0,0,0,0,0,0,0,0,0,0,0,8,0,0,0,0,0
"OTU_3297",3,0,0,0,0,0,0,0,0,0,0,0,0,0,0,0,0,0
"OTU_3300",0,0,0,0,0,0,0,0,0,0,0,0,0,0,0,0,0,1
"OTU_3306",0,0,0,0,0,0,0,0,0,3,0,0,0,0,0,0,0,0
"OTU_331",0,84,0,0,0,0,44,14,24,0,0,0,0,0,8,0,24,2
"OTU_3310",0,0,0,0,0,0,0,0,0,0,0,0,11,0,0,0,0,0
"OTU_3312",0,0,0,0,0,0,0,0,0,0,0,0,0,0,0,0,0,1
"OTU_3315",0,0,0,0,0,0,0,0,0,0,0,0,0,0,0,0,0,0
"OTU_3321",0,0,9,0,0,0,0,0,0,0,0,0,0,0,0,0,0,0
"OTU_3326",0,0,0,0,0,0,0,0,0,0,0,0,0,0,0,0,0,0
"OTU_3330",0,0,0,0,0,0,0,0,0,0,0,0,0,0,1,0,0,0
"OTU_3334",0,0,0,0,0,0,0,0,0,2,0,0,0,0,0,0,0,0
"OTU_334",0,0,0,0,98,115,0,0,0,0,0,0,0,0,9,0,0,23
"OTU_3343",0,0,0,0,0,0,0,0,0,0,0,0,0,0,2,0,0,0
"OTU_3348",0,0,0,0,0,0,0,0,2,0,0,0,0,0,0,0,0,0
"OTU_335",0,17,0,0,0,0,0,0,3,0,0,0,0,4,0,0,0,64
"OTU_3358",0,0,0,0,0,0,0,4,0,0,0,0,0,0,0,0,0,0
"OTU_3368",0,0,0,0,0,0,0,0,0,0,0,0,0,0,1,0,0,0
"OTU_3377",0,4,0,0,0,0,0,0,0,0,0,0,0,0,0,0,0,0
"OTU_338",0,69,0,0,0,0,4,5,74,0,0,0,0,0,0,0,0,0
"OTU_3382",0,0,0,0,0,0,0,0,0,0,0,0,0,1,0,0,0,0
"OTU_3385",0,0,0,0,0,0,0,2,0,0,0,0,0,0,0,0,0,0
"OTU_3386",0,0,0,0,0,0,1,0,0,3,0,0,0,0,0,0,0,0
"OTU_3389",0,0,0,0,0,0,0,0,0,0,0,8,0,0,0,0,0,0
"OTU_3397",0,0,0,0,0,0,0,0,0,0,0,0,0,1,0,0,0,0
"OTU_34",0,513,0,0,0,0,1634,481,415,1536,0,0,0,0,0,0,0,0
"OTU_3419",0,0,3,0,0,0,0,0,0,0,0,0,0,0,0,0,0,0
"OTU_342",6,0,0,0,0,0,0,0,0,0,88,103,0,0,0,0,0,0
"OTU_343",131,0,0,0,0,0,0,0,0,30,0,0,0,22,0,0,0,0
"OTU_3435",0,0,0,0,0,0,0,0,1,0,0,0,0,0,0,0,0,0
"OTU_3436",0,0,0,0,0,0,0,0,0,0,0,6,0,0,0,0,0,0
"OTU_3438",0,0,0,0,0,0,0,0,0,7,0,0,0,0,0,0,0,0
"OTU_3439",0,0,0,0,0,0,0,0,0,0,1,0,0,0,0,0,0,0
"OTU_3444",0,0,0,0,0,0,0,0,0,0,0,0,0,0,0,0,0,2
"OTU_3447",5,0,0,0,0,0,0,0,0,0,0,0,0,0,0,0,0,0
"OTU_345",0,0,0,0,4,0,0,0,0,0,0,0,0,0,38,105,0,15
"OTU_3454",0,0,0,0,0,0,0,0,1,0,0,0,0,0,0,0,0,0
"OTU_3455",0,0,0,0,0,0,0,0,2,0,0,0,0,0,0,0,0,0
"OTU_3460",0,0,8,0,0,0,0,0,0,0,0,0,0,0,0,0,0,0
"OTU_3468",0,0,0,0,0,0,0,0,2,0,0,0,0,0,0,0,0,0
"OTU_3469",0,0,0,0,0,0,0,0,0,0,0,0,0,0,0,0,0,0
"OTU_3470",0,0,0,0,0,0,0,0,0,2,0,0,0,0,0,0,0,0
"OTU_3472",0,0,0,0,0,0,0,0,0,0,2,0,0,0,0,0,0,0
"OTU_3477",0,0,0,0,0,0,0,0,0,0,0,0,0,0,0,0,0,1
"OTU_348",0,85,0,0,13,134,25,18,3,0,0,21,24,12,0,0,0,0
"OTU_3486",0,5,0,0,0,0,0,0,0,0,0,0,0,0,0,0,0,0
"OTU_3489",0,0,6,0,0,0,0,0,0,0,0,0,0,0,0,0,0,0
"OTU_3492",0,0,0,0,2,0,0,0,0,0,0,0,0,0,0,0,0,0
"OTU_3495",0,0,0,0,0,0,0,2,1,0,0,0,0,0,0,0,0,0
"OTU_3497",0,0,0,0,0,0,0,0,0,0,0,6,0,0,0,0,0,0
"OTU_3506",0,0,0,0,0,0,0,0,0,0,0,6,0,0,0,0,0,0
"OTU_3515",0,0,0,0,0,9,0,0,0,0,0,0,0,0,0,0,0,0
"OTU_352",7,0,0,52,0,0,0,0,0,0,33,0,12,3,0,0,0,0
"OTU_3520",0,0,0,0,0,0,0,0,1,0,0,0,0,0,0,0,0,0
"OTU_3524",0,0,0,0,0,0,0,0,0,0,0,5,0,0,0,0,0,0
"OTU_3527",0,0,0,0,0,0,0,0,0,0,0,0,0,0,0,18,0,0
"OTU_3529",3,0,0,0,0,0,0,0,0,0,0,0,0,0,0,0,0,0
"OTU_353",0,0,0,0,65,70,0,0,0,0,0,0,0,0,80,105,2,0
"OTU_354",0,0,0,0,28,12,0,4,0,0,0,0,0,0,23,32,4,30
"OTU_3541",0,0,0,2,0,0,0,0,0,0,0,0,0,0,0,0,0,0
"OTU_3542",0,0,0,1,0,0,0,0,0,0,0,0,0,0,0,0,0,0
"OTU_3544",0,0,0,0,0,0,0,0,0,0,0,6,0,0,0,0,0,0
"OTU_355",0,110,0,0,8,0,11,8,30,0,0,0,45,0,0,0,0,0
"OTU_3550",0,0,0,0,0,0,0,0,0,0,0,0,0,0,0,0,0,0
"OTU_3559",0,0,0,0,0,0,0,0,0,0,0,0,0,0,0,0,0,0
"OTU_356",0,0,0,0,0,0,0,0,0,0,0,0,0,0,33,17,47,0
"OTU_3561",0,0,2,0,0,0,0,0,0,0,0,0,3,0,0,0,0,0
"OTU_3563",0,0,0,0,0,0,0,0,0,0,2,0,0,0,0,0,0,0
"OTU_3567",0,0,0,0,0,0,0,0,1,0,0,0,0,0,0,0,0,0
"OTU_357",124,0,19,8,0,0,0,0,0,12,0,0,20,2,0,0,0,5
"OTU_3578",0,0,0,0,0,0,0,0,0,0,0,0,0,0,0,0,0,1
"OTU_3581",0,0,0,0,0,0,0,0,0,0,0,0,0,0,1,0,0,0
"OTU_3583",0,5,0,0,0,0,0,0,0,0,0,0,0,0,0,0,0,0
"OTU_3586",0,4,0,0,0,0,0,0,0,0,0,0,0,0,0,0,0,0
"OTU_3587",0,4,0,0,0,0,0,0,0,0,0,0,0,0,0,0,0,0
"OTU_359",41,0,24,23,0,0,0,0,0,0,49,10,22,2,0,0,0,0
"OTU_3590",0,0,0,0,0,0,0,0,0,0,0,3,0,0,0,0,0,0
"OTU_3601",0,0,0,0,0,0,0,0,0,0,0,0,0,2,0,0,0,0
"OTU_3605",0,0,0,0,0,0,0,0,0,0,0,0,0,0,0,0,0,1
"OTU_3612",0,5,0,0,0,0,0,0,0,0,0,0,0,0,0,0,0,0
"OTU_3613",0,0,6,0,0,0,0,0,0,0,0,0,0,0,0,0,0,0
"OTU_3627",0,0,0,0,0,0,0,0,0,0,1,0,0,0,0,0,0,0
"OTU_3629",0,0,0,0,0,0,0,0,0,0,0,0,7,0,0,0,0,0
"OTU_3642",0,0,4,0,0,0,0,0,0,0,0,0,0,0,0,0,0,0
"OTU_3644",0,0,0,0,0,0,0,2,0,0,0,0,0,0,0,0,0,0
"OTU_365",0,0,38,0,0,0,0,0,0,0,0,0,33,5,57,50,6,0
"OTU_3650",0,0,0,0,0,0,0,0,0,0,0,6,0,0,0,0,0,0
"OTU_3653",0,0,0,0,0,0,0,0,0,0,0,0,0,2,0,0,0,0
"OTU_3655",0,0,0,0,0,0,0,0,0,0,0,0,0,1,0,0,0,0
"OTU_3656",0,0,0,0,0,0,0,0,0,0,0,0,0,1,0,0,0,0
"OTU_3661",0,3,0,0,0,0,0,0,0,0,0,0,0,0,0,0,0,0
"OTU_3662",0,5,0,0,0,0,0,0,0,0,0,0,0,0,0,0,0,0
"OTU_3668",0,0,0,0,0,0,0,0,0,2,0,0,0,0,0,0,0,0
"OTU_3675",0,0,0,2,0,0,0,0,0,0,0,0,0,0,0,0,0,0
"OTU_3676",0,0,0,1,0,0,0,0,0,0,0,0,0,0,0,0,0,0
"OTU_3683",0,0,0,0,0,0,0,0,0,0,0,0,0,0,0,0,0,1
"OTU_3693",0,0,0,0,0,0,0,0,0,0,0,0,0,0,0,0,0,1
"OTU_3695",0,0,0,0,0,0,0,0,0,2,0,0,0,0,0,0,0,0
"OTU_3701",0,5,0,0,0,0,0,0,0,0,0,0,0,0,0,0,0,0
"OTU_371",0,0,0,4,0,0,2,41,26,0,4,95,7,2,0,0,0,0
"OTU_3711",0,0,0,0,0,0,0,0,0,0,0,0,2,0,0,0,0,0
"OTU_3719",2,0,0,0,0,0,0,0,0,0,0,0,0,0,0,0,0,0
"OTU_372",0,0,0,0,0,0,0,0,0,117,24,0,0,0,0,0,0,0
"OTU_3725",0,0,0,0,2,0,0,1,0,0,0,0,0,0,0,0,0,0
"OTU_3726",0,0,0,2,0,0,0,0,0,0,0,0,0,0,0,0,0,0
"OTU_373",0,0,0,0,0,0,68,58,15,26,0,0,27,0,0,0,0,0
"OTU_3734",0,0,0,0,0,0,1,0,0,0,0,0,0,0,0,0,0,0
"OTU_3735",0,0,0,0,0,0,0,0,0,0,0,0,3,0,0,0,0,0
"OTU_3736",0,0,0,0,0,0,0,0,0,0,0,0,0,0,0,0,0,0
"OTU_374",23,0,0,41,0,0,0,0,0,10,19,0,0,4,0,0,0,0
"OTU_3743",0,0,0,0,0,0,0,0,0,0,0,4,0,0,0,0,0,0
"OTU_375",6,0,0,67,0,0,0,0,0,0,0,0,0,0,0,0,0,3
"OTU_3756",0,0,0,0,0,0,0,0,0,0,0,0,0,0,0,0,0,1
"OTU_3763",0,0,0,0,0,0,0,0,0,0,0,0,0,0,0,0,0,1
"OTU_3765",0,0,0,0,0,0,1,0,0,0,0,0,0,0,0,0,0,0
"OTU_3767",0,0,0,0,0,0,0,0,1,0,0,0,0,0,0,0,0,0
"OTU_3768",0,0,0,0,0,0,0,0,0,1,0,0,0,0,0,0,0,0
"OTU_377",0,0,0,0,78,33,0,0,4,0,0,0,119,0,0,0,0,0
"OTU_3770",0,0,0,0,0,0,0,0,0,0,0,0,0,0,0,0,0,0
"OTU_3776",0,0,0,0,0,0,0,0,0,0,0,0,0,0,0,4,0,0
"OTU_3783",0,0,0,0,0,0,0,0,0,0,0,0,0,0,0,0,1,0
"OTU_3788",0,0,0,0,1,0,0,0,0,0,0,0,0,0,0,0,0,0
"OTU_3798",0,0,0,0,0,0,0,2,0,0,0,0,0,0,0,0,0,0
"OTU_3799",0,0,0,0,0,0,0,0,3,0,0,0,0,0,0,0,0,0
"OTU_3808",0,0,0,0,0,0,0,0,0,0,0,0,3,0,0,0,0,0
"OTU_3809",0,0,0,0,0,0,0,0,0,0,0,0,4,0,0,0,0,0
"OTU_381",0,0,0,69,0,0,0,0,0,0,0,0,0,6,0,0,0,0
"OTU_3812",0,0,0,0,0,0,0,0,0,0,0,0,0,1,0,0,0,0
"OTU_3814",0,0,0,0,0,0,0,0,0,0,0,0,0,0,1,0,0,0
"OTU_3818",0,0,0,0,0,0,0,1,0,0,0,0,0,0,0,0,0,0
"OTU_382",0,0,203,0,0,0,0,0,25,0,0,0,0,0,0,0,0,0
"OTU_383",0,0,9,3,0,0,3,0,1,0,0,0,0,2,0,0,0,52
"OTU_3839",1,0,0,0,0,0,0,0,0,0,0,0,0,0,0,0,0,0
"OTU_3847",0,5,0,0,0,0,0,0,0,0,0,0,0,0,0,0,0,0
"OTU_3855",0,0,3,0,0,0,0,0,0,0,0,0,0,0,0,0,0,0
"OTU_3857",0,0,0,0,0,0,0,0,0,0,0,0,3,0,0,0,0,0
"OTU_3858",0,0,0,1,0,0,0,0,0,0,0,0,0,0,0,0,0,0
"OTU_386",0,0,0,0,0,0,0,0,0,0,0,228,0,0,0,0,0,0
"OTU_3864",0,0,0,0,0,0,0,0,1,0,0,0,0,0,0,0,0,0
"OTU_3867",0,0,0,0,0,0,0,0,0,4,0,0,0,0,0,0,0,0
"OTU_3869",0,0,0,0,0,0,0,0,0,0,1,0,0,0,0,0,0,0
"OTU_3875",0,0,0,0,0,0,0,0,0,0,0,0,3,0,0,0,0,0
"OTU_388",3,0,0,0,0,0,45,0,0,91,0,0,2,1,0,0,0,0
"OTU_3884",0,0,0,0,0,0,0,0,0,0,0,3,0,0,0,0,0,0
"OTU_389",3,0,0,0,0,0,0,0,0,0,0,0,0,0,146,0,0,0
"OTU_3891",0,4,0,0,0,0,0,0,0,0,0,0,0,0,0,0,0,0
"OTU_3898",0,0,5,0,0,0,0,0,0,0,0,0,0,0,0,0,0,0
"OTU_3901",0,0,0,1,0,0,0,0,0,0,0,0,0,0,0,0,0,0
"OTU_3906",0,0,0,0,3,0,0,0,0,0,0,0,0,0,0,0,0,0
"OTU_391",0,244,0,0,0,0,0,0,0,0,0,0,0,0,0,0,0,0
"OTU_3912",0,0,0,0,0,0,0,0,0,0,0,4,0,0,0,0,0,0
"OTU_3916",0,0,0,0,0,0,0,0,0,0,0,0,0,2,0,0,0,0
"OTU_3918",0,0,0,0,0,0,0,0,0,0,0,0,0,1,0,0,0,0
"OTU_3921",0,0,0,0,0,0,0,0,0,0,0,0,0,0,1,0,0,0
"OTU_3923",2,0,0,0,0,0,0,0,0,0,0,0,0,0,0,0,0,0
"OTU_3929",0,4,0,0,0,0,0,0,0,0,0,0,0,0,0,0,0,0
"OTU_393",0,36,0,0,14,0,0,81,17,12,0,0,6,0,0,0,0,0
"OTU_3932",0,1,0,0,0,0,0,0,0,0,0,0,0,0,0,0,0,0
"OTU_3934",0,1,0,0,0,0,0,0,0,0,0,0,0,0,0,0,0,0
"OTU_3941",0,0,5,0,0,0,0,0,0,0,0,0,0,0,0,0,0,0
"OTU_3947",0,0,0,0,2,0,0,0,0,0,0,0,0,0,0,0,0,0
"OTU_395",0,0,176,0,0,0,0,0,0,0,0,0,0,50,0,0,0,0
"OTU_3950",0,0,0,0,0,0,0,0,1,0,0,0,0,0,0,0,0,0
"OTU_3953",0,0,0,0,0,0,0,0,1,0,0,0,0,0,0,0,0,0
"OTU_3957",0,0,0,0,0,0,0,0,0,0,0,7,0,0,0,0,0,0
"OTU_396",0,57,0,0,0,0,48,0,13,44,0,0,0,0,0,0,0,0
"OTU_3960",0,0,0,0,0,0,0,0,0,0,0,0,4,0,0,0,0,0
"OTU_3969",0,0,0,0,0,0,0,0,0,0,0,0,0,0,0,0,0,1
"OTU_397",13,0,18,3,7,0,0,6,0,2,5,0,0,4,8,26,0,31
"OTU_398",0,167,0,0,2,52,0,41,0,9,0,0,0,0,0,9,0,1
"OTU_401",0,0,0,0,0,0,0,0,0,0,0,0,0,0,89,167,1,0
"OTU_4014",0,0,0,0,0,0,0,0,0,0,0,0,4,0,0,0,0,0
"OTU_4017",0,0,0,0,1,0,0,0,0,0,0,0,0,0,0,0,0,0
"OTU_402",0,0,19,6,10,0,0,11,13,0,0,110,14,0,0,0,0,0
"OTU_4023",0,0,0,0,0,0,0,3,0,0,0,0,0,0,0,0,0,0
"OTU_4025",0,0,0,0,0,0,0,3,0,0,0,0,0,0,0,0,0,0
"OTU_4028",0,0,0,0,0,0,0,0,0,0,0,0,0,0,0,0,0,0
"OTU_4034",0,0,0,0,0,0,0,0,0,0,0,2,0,0,0,0,0,0
"OTU_4037",0,0,0,0,0,0,0,0,0,0,0,0,0,2,0,0,0,0
"OTU_4042",0,0,0,0,0,0,0,0,0,0,0,0,0,0,0,0,0,0
"OTU_4052",0,4,0,0,0,0,0,0,0,0,0,0,0,0,0,0,0,0
"OTU_4057",0,0,0,0,0,0,0,0,0,0,0,0,0,0,0,0,0,0
"OTU_406",0,243,0,0,0,0,0,0,0,3,0,0,0,0,0,0,0,0
"OTU_4067",0,0,0,0,0,0,0,0,2,0,0,0,0,0,0,0,0,0
"OTU_4073",0,0,0,0,0,0,0,0,0,0,1,0,0,0,0,0,0,0
"OTU_4074",0,0,0,0,0,0,0,0,0,0,0,0,0,0,0,0,1,0
"OTU_4077",0,0,0,0,0,0,0,0,0,0,0,0,4,0,0,0,0,0
"OTU_408",0,0,0,0,0,0,0,0,99,6,0,0,0,0,0,0,0,0
"OTU_409",0,10,0,0,12,0,0,99,24,12,0,0,0,0,0,0,0,0
"OTU_4090",0,2,0,0,0,0,0,0,0,0,0,0,0,0,0,0,0,0
"OTU_4092",0,0,0,0,0,0,0,0,0,1,0,0,0,0,0,0,0,0
"OTU_4097",0,0,0,0,2,0,0,0,0,0,0,0,0,0,0,0,0,0
"OTU_4100",0,0,0,0,0,0,0,0,1,0,0,0,0,0,0,0,0,0
"OTU_4105",0,0,0,0,0,0,0,0,0,0,0,0,0,0,0,0,0,0
"OTU_4109",0,0,0,0,0,0,0,0,0,0,0,3,0,0,0,0,0,0
"OTU_414",0,4,0,0,0,0,0,0,0,0,0,94,0,0,0,0,0,33
"OTU_4143",0,0,0,0,0,0,0,0,0,0,0,0,0,0,0,0,0,0
"OTU_4161",3,0,0,0,0,0,0,0,0,0,0,0,0,0,0,0,0,0
"OTU_417",0,0,0,0,0,0,0,0,0,0,22,34,0,0,0,0,0,0
"OTU_418",0,33,0,0,0,0,34,0,27,15,0,0,0,0,0,0,0,0
"OTU_4182",0,0,0,1,0,0,0,0,0,0,0,0,0,0,0,0,0,0
"OTU_419",0,61,0,0,0,0,40,0,12,40,0,9,0,0,0,0,0,0
"OTU_4193",0,0,0,0,0,0,0,0,0,0,0,0,0,0,0,0,0,0
"OTU_420",4,115,0,0,0,0,24,0,0,0,0,0,0,0,0,0,0,13
"OTU_4206",0,0,0,0,0,0,0,0,0,0,0,0,0,0,0,0,1,0
"OTU_4208",0,0,0,0,0,0,0,0,0,0,0,0,0,0,0,0,0,1
"OTU_422",0,73,15,0,3,0,12,0,8,0,0,0,41,11,0,0,0,0
"OTU_4231",0,0,0,0,0,0,0,3,0,0,0,0,0,0,0,0,0,0
"OTU_4232",0,0,0,0,0,0,0,1,0,0,0,0,0,0,0,0,0,0
"OTU_4238",0,0,0,0,0,0,0,0,0,1,0,0,0,0,0,0,0,0
"OTU_424",0,0,16,0,0,0,0,21,11,0,0,25,0,0,0,0,4,0
"OTU_4243",0,0,0,0,0,0,0,0,0,0,0,2,0,0,0,0,0,0
"OTU_4249",0,0,0,0,0,0,0,0,0,0,0,0,0,2,0,0,0,0
"OTU_426",0,80,0,0,0,0,0,18,8,6,0,28,0,0,11,0,0,0
"OTU_4265",0,0,1,0,0,0,0,0,0,0,0,0,0,0,0,0,0,0
"OTU_4266",0,0,0,0,0,0,0,0,0,0,0,0,4,0,0,0,0,0
"OTU_4269",0,0,0,1,0,0,0,0,0,0,0,0,0,0,0,0,0,0
"OTU_4270",0,0,0,1,0,0,0,0,0,0,0,0,0,0,0,0,0,0
"OTU_4271",0,0,0,0,0,0,0,0,0,0,0,2,0,0,0,0,0,0
"OTU_4289",0,0,0,0,0,0,0,0,0,0,0,0,4,0,0,0,0,0
"OTU_429",0,0,0,0,90,127,3,4,0,0,0,0,10,0,0,0,0,0
"OTU_431",8,0,0,13,50,69,0,0,0,0,5,0,0,6,10,33,0,0
"OTU_4314",0,0,5,0,0,0,0,0,0,0,0,0,0,0,0,0,0,0
"OTU_432",0,0,0,0,0,0,76,13,5,56,0,0,0,0,0,0,0,0
"OTU_4328",0,0,0,0,0,0,0,0,0,0,0,0,0,0,0,0,0,0
"OTU_434",14,0,0,0,19,0,16,48,5,25,0,0,8,0,0,0,0,1
"OTU_4341",0,0,0,0,0,0,0,0,0,0,0,0,0,0,0,13,0,0
"OTU_435",0,0,0,0,0,0,0,0,0,0,0,61,0,0,22,38,52,0
"OTU_436",0,0,326,0,0,0,0,0,0,0,0,0,0,0,0,0,0,0
"OTU_4360",0,0,0,2,0,0,0,0,0,0,0,0,0,0,0,0,0,0
"OTU_4361",0,0,0,1,0,0,0,0,0,0,0,0,0,0,0,0,0,0
"OTU_4373",0,0,0,0,0,0,0,0,0,0,0,0,0,0,0,0,0,1
"OTU_438",5,8,18,7,7,0,3,20,1,3,7,7,9,3,10,29,3,5
"OTU_4384",1,0,0,0,0,0,0,0,0,0,0,0,0,0,0,0,0,0
"OTU_4385",1,0,0,0,0,0,0,0,0,0,0,0,0,0,0,0,0,0
"OTU_4386",0,0,1,0,0,0,0,0,0,0,0,0,0,0,0,0,0,0
"OTU_44",583,20,26,86,242,193,117,59,43,337,535,109,72,92,172,75,56,28
"OTU_440",0,0,19,0,5,0,10,47,8,0,0,0,16,0,22,25,4,0
"OTU_4408",0,0,0,0,0,0,1,0,0,0,0,0,0,0,0,0,0,0
"OTU_4410",0,0,0,0,0,0,0,4,0,0,0,0,0,0,0,0,0,0
"OTU_4425",0,0,0,0,0,0,0,0,0,0,0,0,0,0,0,0,1,0
"OTU_4426",0,0,0,0,0,0,0,0,0,0,0,0,0,2,0,0,0,0
"OTU_4427",0,0,0,0,0,0,0,0,0,0,0,0,0,0,0,0,0,0
"OTU_4430",0,0,0,0,0,0,0,0,0,0,0,0,0,0,3,0,0,0
"OTU_4433",0,0,0,0,0,0,0,0,0,0,0,0,0,0,0,0,0,0
"OTU_444",0,0,0,0,0,0,0,0,0,0,0,0,0,29,0,0,0,0
"OTU_4466",0,0,0,0,0,0,0,0,0,0,0,0,0,0,0,0,0,0
"OTU_4469",0,0,0,0,0,0,0,0,0,1,0,0,0,0,0,0,0,0
"OTU_4471",0,0,0,0,0,0,0,0,0,0,0,4,0,0,0,0,0,0
"OTU_4481",0,0,0,0,0,0,0,0,0,0,0,0,0,0,0,0,0,1
"OTU_449",0,5,5,15,3,14,1,0,0,0,0,4,0,0,33,42,14,0
"OTU_4496",0,0,0,0,0,0,0,0,0,0,0,0,0,0,0,4,0,0
"OTU_45",16,118,0,22,2134,2641,15,36,19,25,26,26,0,4,0,0,0,75
"OTU_450",0,22,0,0,0,0,46,0,23,24,0,0,0,0,0,0,0,0
"OTU_4517",0,0,0,0,0,0,0,3,0,0,0,0,0,0,0,0,0,0
"OTU_452",0,0,0,0,46,24,2,45,0,3,0,0,0,0,18,38,4,0
"OTU_4529",0,0,0,0,0,0,0,0,0,0,0,2,0,0,0,0,0,0
"OTU_453",0,0,0,31,40,0,0,0,0,0,0,0,0,0,0,0,11,3
"OTU_4532",0,0,0,0,0,0,0,0,0,0,0,0,2,0,0,0,0,0
"OTU_455",0,0,31,0,0,0,0,0,0,0,57,0,34,0,0,0,0,0
"OTU_4562",0,0,5,0,0,0,0,0,0,0,0,0,0,0,0,0,0,0
"OTU_4565",0,0,0,1,0,0,0,0,0,0,0,0,0,0,0,0,0,0
"OTU_457",0,91,0,3,12,37,0,0,0,0,2,0,0,0,0,0,0,11
"OTU_4579",0,0,0,0,0,0,0,0,0,1,0,0,0,0,0,0,0,0
"OTU_4580",0,0,0,0,0,0,0,0,0,2,0,0,0,0,0,0,0,0
"OTU_459",0,0,0,0,0,0,1,6,9,0,0,0,0,0,67,43,5,0
"OTU_4601",0,2,0,0,0,0,0,0,0,0,0,0,0,0,0,0,0,0
"OTU_4619",0,0,0,0,2,0,0,0,0,0,0,0,0,0,0,0,0,0
"OTU_4623",0,0,0,0,0,0,0,1,0,0,0,0,0,0,0,0,0,0
"OTU_4637",0,0,0,0,0,0,0,0,0,0,0,1,0,0,0,0,0,0
"OTU_4645",0,0,0,0,0,0,0,0,0,0,0,0,0,0,1,0,0,0
"OTU_4647",0,0,0,0,0,0,0,0,0,0,0,0,0,0,0,8,0,0
"OTU_4648",0,0,0,0,0,0,0,0,0,0,0,0,0,0,0,0,0,0
"OTU_465",0,0,446,0,0,0,0,0,0,0,0,0,0,0,0,0,0,0
"OTU_4651",1,0,0,0,0,0,0,0,0,0,0,0,0,0,0,0,0,0
"OTU_466",0,0,0,0,4,13,0,0,0,0,0,0,0,0,12,14,2,0
"OTU_468",10,0,0,0,0,0,0,0,0,5,0,0,0,0,80,29,5,0
"OTU_4682",0,0,0,0,0,0,0,0,0,0,0,0,1,0,0,0,0,0
"OTU_4686",0,0,0,0,0,0,0,0,1,0,0,0,0,0,0,0,0,0
"OTU_4687",0,0,0,0,0,0,0,0,0,0,0,0,0,0,0,0,0,0
"OTU_469",0,0,0,0,0,0,0,0,0,0,0,0,206,0,0,0,0,0
"OTU_4692",0,0,0,0,0,0,0,0,0,2,0,0,0,0,0,0,0,0
"OTU_47",0,441,0,0,0,0,1410,422,463,735,0,0,0,0,0,0,0,0
"OTU_4703",0,0,0,0,0,0,0,0,0,0,0,1,0,0,0,0,0,0
"OTU_4706",0,0,0,0,0,0,0,0,0,0,0,0,0,0,0,0,0,0
"OTU_475",0,19,0,26,12,0,0,0,9,0,4,0,14,0,0,0,0,0
"OTU_4753",0,0,0,0,0,0,0,0,0,0,0,0,0,1,0,0,0,0
"OTU_476",0,0,0,54,0,0,0,0,0,0,0,0,0,0,0,0,0,0
"OTU_4763",0,0,0,0,0,0,0,0,0,0,0,0,1,0,0,0,0,0
"OTU_479",0,0,7,0,0,0,0,8,0,4,0,0,0,16,18,50,5,0
"OTU_48",140,0,0,36,0,0,69,0,0,629,1216,0,0,23,18,20,3,0
"OTU_4801",0,0,4,0,0,0,0,0,0,0,0,0,0,0,0,0,0,0
"OTU_481",0,56,0,0,0,0,0,0,0,0,40,0,0,0,0,0,0,0
"OTU_4810",0,0,0,0,0,2,0,0,0,0,0,0,0,0,0,0,0,0
"OTU_4812",0,0,0,0,0,0,1,0,0,0,0,0,0,0,0,0,0,0
"OTU_4837",0,0,0,0,0,0,0,0,0,0,0,0,0,0,0,0,0,0
"OTU_484",0,0,0,0,0,0,0,0,0,0,0,0,188,3,0,0,0,0
"OTU_4844",0,0,0,0,0,0,0,0,0,0,0,0,0,0,0,8,0,0
"OTU_485",0,10,0,0,5,0,0,0,6,0,0,21,0,0,0,79,9,0
"OTU_4852",1,0,0,0,0,0,0,0,0,0,0,0,0,0,0,0,0,0
"OTU_4853",1,0,0,0,0,0,0,0,0,0,0,0,0,0,0,0,0,0
"OTU_486",0,0,0,0,0,0,0,0,0,0,13,0,0,38,0,0,0,0
"OTU_4880",0,0,0,0,0,0,0,0,0,0,0,0,0,0,0,0,0,0
"OTU_489",0,0,0,0,0,0,0,0,0,0,13,0,0,39,0,0,0,0
"OTU_4895",0,0,0,0,0,0,0,0,0,0,0,0,0,0,1,0,0,0
"OTU_49",0,0,236,140,0,0,0,0,0,0,0,0,54,13,0,0,0,811
"OTU_490",95,0,0,0,0,0,0,0,0,0,0,0,7,0,0,0,0,0
"OTU_491",0,0,0,0,32,0,0,0,35,0,0,0,0,0,0,0,0,0
"OTU_4914",0,0,0,0,0,0,0,0,0,0,0,2,0,0,0,0,0,0
"OTU_4934",0,0,0,0,0,0,0,0,0,0,0,0,0,0,0,0,0,1
"OTU_494",0,0,0,9,0,0,0,0,0,75,0,9,0,0,0,0,0,0
"OTU_4965",0,0,0,1,0,0,0,0,0,0,0,0,0,0,0,0,0,0
"OTU_497",5,0,0,0,0,0,1,0,0,6,6,0,0,0,15,14,3,21
"OTU_4987",0,0,0,0,0,0,0,0,0,0,0,1,0,0,0,0,0,0
"OTU_499",0,0,0,0,29,49,0,0,10,0,0,0,0,0,22,42,6,0
"OTU_4994",0,0,0,0,0,0,0,0,0,0,0,0,0,0,0,0,0,0
"OTU_4999",0,0,0,0,0,0,0,0,0,0,0,0,0,0,1,0,0,0
"OTU_5",22,926,92,0,681,557,3706,5191,2320,425,30,1063,1062,4,832,496,36,214
"OTU_50",496,0,0,0,0,0,0,0,0,15,711,0,0,0,0,0,0,0
"OTU_500",0,4,19,0,10,0,0,12,2,4,0,0,0,3,32,79,8,0
"OTU_5004",0,0,0,0,0,0,0,0,0,0,0,0,0,0,0,0,0,2
"OTU_501",0,0,0,0,0,0,0,0,4,0,0,0,188,0,0,0,0,0
"OTU_502",26,0,10,26,0,0,0,3,0,0,0,13,3,3,0,0,0,0
"OTU_5033",0,0,2,0,0,0,0,0,0,0,0,0,0,0,0,0,0,0
"OTU_5036",0,0,3,0,0,0,0,0,0,0,0,0,0,0,0,0,0,0
"OTU_505",0,0,0,0,0,0,7,29,35,15,0,0,0,0,0,0,0,0
"OTU_506",0,0,0,0,11,6,3,9,17,28,0,0,0,0,0,0,0,0
"OTU_507",0,0,0,0,0,0,0,0,0,0,0,0,0,0,28,46,45,0
"OTU_5070",0,0,0,0,0,0,0,0,0,0,0,2,0,0,0,0,0,0
"OTU_5089",0,0,0,0,0,0,0,0,0,0,0,0,0,0,0,0,0,0
"OTU_51",236,13,88,307,332,88,72,49,39,331,43,110,53,68,30,46,182,20
"OTU_5127",0,0,0,0,0,0,0,0,0,0,0,0,0,0,0,0,0,0
"OTU_5132",0,0,0,0,0,0,1,0,0,0,0,0,0,0,0,0,0,0
"OTU_5162",0,0,0,0,0,0,0,0,0,0,0,0,0,0,0,0,0,0
"OTU_517",0,0,0,1,0,0,0,0,0,0,0,0,0,0,0,0,0,0
"OTU_5171",0,0,0,0,0,0,0,0,0,0,0,0,0,0,0,0,0,0
"OTU_5175",1,0,0,0,0,0,0,0,0,0,0,0,0,0,0,0,0,0
"OTU_519",0,0,0,5,0,0,0,0,0,0,0,0,0,0,0,0,0,0
"OTU_5196",0,1,0,0,0,0,0,0,0,0,0,0,0,0,0,0,0,0
"OTU_521",9,69,0,0,10,0,0,0,7,0,0,0,0,0,9,0,0,3
"OTU_5228",0,0,0,0,0,0,0,0,0,0,0,0,0,0,0,0,0,0
"OTU_5234",0,0,0,0,0,0,0,0,0,1,0,0,0,0,0,0,0,0
"OTU_5235",0,0,0,0,0,0,0,0,0,1,0,0,0,0,0,0,0,0
"OTU_525",0,141,0,0,0,0,0,0,7,0,0,0,0,0,0,0,0,0
"OTU_526",0,0,0,0,5,0,0,0,0,0,0,36,0,0,1,0,6,0
"OTU_5266",0,0,0,0,0,0,0,0,0,0,0,0,0,0,1,0,0,0
"OTU_529",0,0,0,0,0,22,0,0,0,0,0,0,0,0,32,53,28,0
"OTU_5292",0,2,0,0,0,0,0,0,0,0,0,0,0,0,0,0,0,0
"OTU_53",47,0,29,1045,0,0,0,0,0,22,0,146,0,152,0,0,0,0
"OTU_5316",0,0,2,0,0,0,0,0,0,0,0,0,0,0,0,0,0,0
"OTU_532",0,0,0,0,0,0,0,0,0,0,0,0,0,0,80,0,0,0
"OTU_534",0,160,0,0,0,0,0,0,0,0,0,0,0,0,0,0,0,0
"OTU_5366",0,0,0,0,0,0,0,0,0,0,0,0,0,0,0,0,0,0
"OTU_537",41,0,16,13,0,0,0,5,1,9,0,0,12,3,0,0,0,0
"OTU_5374",0,0,0,0,0,0,0,0,0,0,0,0,0,0,0,0,0,0
"OTU_538",0,0,93,0,0,0,0,0,8,0,0,0,60,4,0,0,0,0
"OTU_540",0,0,0,0,1,0,2,0,1,0,0,4,0,0,23,0,0,15
"OTU_5400",0,1,0,0,0,0,0,0,0,0,0,0,0,0,0,0,0,0
"OTU_5405",0,3,0,0,0,0,0,0,0,0,0,0,0,0,0,0,0,0
"OTU_541",0,0,0,0,65,64,1,13,3,2,0,0,0,0,0,0,0,0
"OTU_542",0,0,24,0,18,22,4,48,9,2,1,3,28,2,0,0,0,0
"OTU_543",0,0,0,0,0,0,0,16,4,5,0,0,126,0,0,0,0,0
"OTU_544",0,69,0,0,0,0,26,25,5,1,0,0,0,0,0,0,0,0
"OTU_545",12,0,0,0,5,0,0,0,0,3,16,0,0,0,7,23,1,3
"OTU_5456",0,0,0,0,0,0,0,0,0,0,0,0,0,0,0,0,0,0
"OTU_547",0,0,0,0,0,0,30,25,4,11,0,8,0,0,0,0,0,0
"OTU_548",0,0,0,0,0,0,0,0,0,0,0,0,0,0,8,44,7,0
"OTU_549",0,0,0,0,0,0,0,0,0,0,45,0,22,2,0,0,0,0
"OTU_5493",0,0,0,0,0,0,0,0,0,0,0,0,0,0,0,0,0,0
"OTU_55",0,0,933,0,0,0,1,0,0,0,0,0,3,1016,0,0,0,0
"OTU_550",0,7,0,0,0,0,0,0,0,0,0,0,0,0,0,0,0,33
"OTU_5500",0,0,0,0,0,0,0,0,0,0,0,0,0,0,0,6,0,0
"OTU_551",0,0,0,0,22,0,0,0,0,0,0,0,18,2,42,0,7,0
"OTU_556",0,0,0,27,12,0,0,0,0,0,0,0,0,0,4,0,0,4
"OTU_5568",0,0,0,0,0,0,0,0,0,0,0,0,0,0,0,0,0,0
"OTU_557",0,0,7,39,0,0,0,0,0,0,0,0,19,1,0,0,0,0
"OTU_5579",0,0,0,0,0,0,0,0,0,1,0,0,0,0,0,0,0,0
"OTU_558",0,0,0,0,0,0,0,0,0,0,0,0,74,20,4,22,4,0
"OTU_5589",0,0,0,0,0,0,0,0,0,0,0,1,0,0,0,0,0,0
"OTU_561",2,0,0,0,7,0,0,1,7,0,0,0,0,0,7,16,9,7
"OTU_562",21,84,0,0,0,0,0,0,0,0,8,0,0,0,0,0,0,0
"OTU_565",0,0,0,0,17,13,0,0,0,0,0,0,0,0,0,0,17,0
"OTU_5661",0,0,2,0,0,0,0,0,0,0,0,0,0,0,0,0,0,0
"OTU_567",21,0,0,0,0,0,3,0,0,57,0,0,0,0,0,0,0,0
"OTU_5671",0,0,0,0,0,0,0,0,0,0,0,0,0,0,0,0,0,0
"OTU_568",0,14,0,0,4,13,8,18,5,10,0,11,47,0,0,0,0,0
"OTU_5682",0,0,0,0,0,0,0,1,0,0,0,0,0,0,0,0,0,0
"OTU_569",0,0,0,8,0,0,0,0,0,0,5,6,0,25,0,0,0,0
"OTU_571",0,0,0,40,0,0,0,0,0,0,0,0,0,0,0,0,0,0
"OTU_572",0,95,0,0,0,57,0,0,2,3,0,0,0,0,0,0,0,0
"OTU_573",14,81,0,0,0,0,0,0,0,0,11,0,0,0,0,0,0,0
"OTU_5731",0,0,0,0,0,0,0,0,0,0,0,0,0,1,0,0,0,0
"OTU_5734",0,0,0,0,0,0,0,0,0,0,0,0,0,1,0,0,0,0
"OTU_577",0,0,73,0,0,0,0,0,0,0,0,61,38,0,0,0,0,0
"OTU_578",5,0,0,29,0,0,0,0,0,0,13,0,0,0,0,0,0,0
"OTU_58",0,0,0,0,0,0,0,0,0,0,0,0,0,0,0,0,0,795
"OTU_581",0,0,18,0,52,0,0,0,0,0,0,0,0,2,10,0,3,0
"OTU_582",0,0,0,0,0,0,0,0,0,0,0,0,0,0,52,86,1,0
"OTU_583",0,0,0,0,32,160,0,0,2,2,0,0,0,0,0,0,0,0
"OTU_5837",0,0,0,0,0,0,0,0,0,0,0,0,0,0,0,0,0,0
"OTU_586",0,0,17,9,0,0,0,10,2,5,0,18,28,3,0,0,0,0
"OTU_587",0,0,0,11,0,0,0,0,0,3,0,0,0,0,0,0,0,22
"OTU_588",0,0,0,0,13,16,0,0,0,0,0,0,0,0,0,0,0,21
"OTU_590",0,0,60,0,0,0,0,0,0,0,0,0,0,28,0,0,0,0
"OTU_593",0,0,8,0,0,0,19,8,21,0,0,0,10,1,0,0,0,0
"OTU_596",58,0,0,0,0,5,8,0,0,14,0,0,0,0,5,15,0,0
"OTU_601",0,0,0,0,0,0,0,0,0,0,0,0,0,0,1,0,0,33
"OTU_607",0,0,0,0,0,0,0,0,0,6,0,0,40,4,0,75,13,0
"OTU_608",0,0,0,0,0,0,6,71,13,9,0,0,6,0,0,0,0,0
"OTU_609",0,0,0,0,0,0,0,0,0,0,0,0,134,1,0,0,0,0
"OTU_610",0,3,0,0,0,0,50,11,5,11,0,0,0,0,0,0,0,0
"OTU_612",0,0,16,0,0,0,0,0,0,0,0,0,0,0,14,0,0,23
"OTU_6131",0,0,0,0,0,0,0,0,0,0,0,0,0,0,0,0,0,0
"OTU_617",0,0,0,0,0,0,0,0,4,0,0,0,0,39,0,0,0,0
"OTU_6173",0,0,0,0,0,0,0,0,0,0,0,2,0,0,0,0,0,0
"OTU_6191",0,0,0,0,0,0,0,0,0,0,0,0,1,0,0,0,0,0
"OTU_620",0,0,0,0,25,0,0,0,0,0,0,7,0,0,9,0,1,0
"OTU_625",0,0,0,2,0,0,0,0,0,0,0,0,0,33,0,0,0,0
"OTU_63",0,43,48,0,92,390,75,183,191,56,0,102,689,26,472,524,278,0
"OTU_632",6,34,0,0,0,0,7,0,11,5,0,0,0,0,14,0,0,0
"OTU_633",0,0,0,0,11,26,0,10,0,0,0,0,0,0,9,31,3,6
"OTU_634",5,0,15,0,0,0,0,0,0,0,0,0,55,42,0,0,0,0
"OTU_635",0,0,0,0,0,0,0,0,20,0,0,0,0,0,0,0,0,0
"OTU_642",71,0,0,0,0,0,0,0,0,0,0,0,0,1,0,0,0,0
"OTU_643",0,0,0,0,0,0,4,6,10,0,0,0,0,0,19,102,1,0
"OTU_644",0,0,0,0,0,0,0,0,0,0,0,0,131,0,0,0,0,0
"OTU_645",66,0,0,0,0,0,0,0,0,0,0,0,0,0,0,0,0,0
"OTU_648",0,0,0,0,0,0,8,0,10,0,1,0,0,3,0,0,0,0
"OTU_649",0,4,0,0,17,14,9,5,2,9,0,4,0,0,3,3,1,3
"OTU_6498",0,0,0,0,0,0,1,0,0,0,0,0,0,0,0,0,0,0
"OTU_65",0,0,0,1,49,34,0,0,0,0,3,0,0,0,3,0,449,1
"OTU_651",0,41,0,0,6,0,7,15,8,12,0,15,0,0,0,0,0,0
"OTU_652",0,0,0,0,0,0,0,0,0,0,15,0,0,27,0,0,0,0
"OTU_654",6,17,0,0,0,0,0,0,0,0,0,0,2,0,0,0,0,19
"OTU_659",0,0,0,28,0,0,0,0,0,0,0,0,0,0,2,0,0,0
"OTU_660",0,0,0,0,16,33,0,27,2,0,0,17,0,0,6,0,0,0
"OTU_662",0,0,0,0,2,0,4,51,5,17,0,0,0,0,0,0,0,0
"OTU_663",0,0,0,0,0,23,0,0,0,0,0,0,0,0,6,0,0,23
"OTU_664",0,36,11,0,0,0,0,0,4,0,0,25,7,0,10,0,0,0
"OTU_666",0,39,0,0,0,0,0,0,0,0,0,0,0,0,26,0,1,0
"OTU_668",0,49,0,0,2,0,0,4,1,0,0,46,0,0,0,0,0,0
"OTU_669",11,0,0,16,0,0,0,14,0,0,0,5,0,12,0,0,0,0
"OTU_672",0,0,0,0,0,0,3,61,9,6,0,0,0,0,0,0,0,0
"OTU_674",0,0,0,0,0,0,0,63,8,4,0,0,0,0,0,0,0,0
"OTU_675",0,0,0,0,0,0,0,0,0,0,0,0,0,0,8,25,0,13
"OTU_68",18,146,273,55,67,123,945,157,29,83,24,73,115,13,121,120,45,1
"OTU_680",0,0,0,0,20,85,0,0,0,0,0,0,0,0,0,0,2,0
"OTU_6843",0,0,0,0,0,0,0,0,0,0,0,0,0,0,0,0,1,0
"OTU_685",0,0,0,0,0,0,0,0,0,0,0,0,0,0,56,0,0,0
"OTU_687",0,0,0,21,0,0,0,0,0,0,0,0,0,0,0,0,0,0
"OTU_69",0,0,0,0,0,0,0,0,0,0,0,0,0,0,0,0,0,671
"OTU_693",57,0,0,0,0,0,0,0,0,0,0,0,6,0,0,0,0,0
"OTU_694",16,0,0,0,0,0,3,0,0,19,0,0,0,11,0,0,0,0
"OTU_700",0,0,0,0,0,0,0,0,0,0,0,0,0,0,0,0,0,21
"OTU_703",0,0,0,23,0,0,0,0,0,0,0,34,0,0,0,0,0,0
"OTU_705",0,29,0,0,2,0,0,0,0,0,3,7,0,0,13,87,0,3
"OTU_707",0,0,0,27,0,0,0,0,0,0,0,8,0,2,0,0,0,0
"OTU_709",0,0,7,23,0,0,0,0,0,0,0,0,0,0,0,0,0,0
"OTU_710",0,0,0,1,0,0,0,0,0,0,32,9,0,0,0,0,0,0
"OTU_712",0,0,0,0,0,0,0,0,0,0,0,0,76,6,0,0,0,0
"OTU_716",0,4,0,0,10,0,0,32,4,0,0,8,0,0,4,0,0,1
"OTU_717",0,88,0,0,0,0,2,0,0,0,0,0,0,0,0,0,0,0
"OTU_719",0,0,24,0,0,0,3,16,4,5,0,0,9,3,0,0,0,0
"OTU_72",0,0,0,0,0,0,0,0,0,0,0,0,0,821,0,0,0,0
"OTU_720",0,12,0,3,0,0,0,18,9,6,0,7,14,2,0,0,0,0
"OTU_721",0,0,0,0,2,0,9,61,7,6,0,0,0,0,0,0,0,0
"OTU_724",0,0,0,0,28,21,0,0,0,0,0,0,0,0,10,22,0,0
"OTU_731",0,91,0,0,0,0,0,0,0,0,0,0,0,0,0,0,0,0
"OTU_732",0,0,0,0,0,0,0,4,25,0,0,0,0,0,0,0,0,0
"OTU_733",0,23,0,0,0,0,12,11,9,0,0,0,0,0,0,0,0,0
"OTU_734",0,0,0,0,0,0,0,0,0,0,0,0,0,31,0,0,0,0
"OTU_737",0,8,11,1,4,0,0,10,1,0,0,0,21,0,9,21,3,0
"OTU_738",0,0,30,0,0,0,0,5,0,0,0,0,23,0,10,0,0,1
"OTU_740",4,0,0,1,0,0,0,0,4,0,16,0,0,0,0,0,0,0
"OTU_741",0,0,0,0,48,0,0,0,0,0,0,0,0,0,12,0,0,0
"OTU_742",0,5,0,0,1,37,6,15,5,8,0,0,0,0,3,0,0,0
"OTU_744",0,0,0,0,0,0,0,0,0,0,0,0,0,0,0,0,0,20
"OTU_746",0,9,6,0,0,0,0,27,5,0,0,3,11,6,0,0,0,0
"OTU_747",0,3,0,4,2,0,0,13,1,1,0,17,0,0,2,0,0,3
"OTU_748",0,95,0,0,0,0,0,0,0,0,0,0,0,0,0,0,0,0
"OTU_749",1,0,19,0,5,0,7,0,1,0,0,2,0,0,0,0,0,10
"OTU_750",0,0,0,0,0,0,0,43,9,2,0,3,1,0,0,0,0,0
"OTU_752",0,8,0,1,0,0,0,18,5,0,0,12,0,0,0,0,0,2
"OTU_754",0,0,0,0,14,17,0,12,5,4,0,0,0,0,0,0,0,0
"OTU_758",0,7,0,0,0,0,0,18,13,0,0,0,18,0,0,0,0,0
"OTU_759",0,0,0,24,0,0,0,0,0,0,0,0,0,0,0,0,0,0
"OTU_76",0,0,0,0,91,83,0,41,8,8,0,88,0,0,52,123,9,456
"OTU_760",0,56,0,0,0,0,0,0,0,0,0,0,13,4,0,0,0,0
"OTU_761",0,0,0,0,0,0,0,10,16,5,0,0,0,0,0,0,0,0
"OTU_763",0,0,0,0,5,12,0,0,1,2,0,0,0,0,0,0,3,0
"OTU_764",0,67,0,0,0,0,0,0,0,5,0,0,9,0,4,0,0,0
"OTU_766",17,0,0,0,0,0,0,0,0,0,0,0,0,20,0,0,0,0
"OTU_769",0,3,0,0,0,0,1,0,24,1,0,0,0,0,0,0,0,0
"OTU_773",1,0,0,0,17,0,3,0,3,0,0,11,29,5,0,0,0,0
"OTU_775",0,0,0,0,52,0,0,0,0,0,0,0,0,0,0,0,0,0
"OTU_777",12,0,0,2,0,0,15,0,0,0,0,0,0,12,0,0,0,0
"OTU_780",0,0,0,2,0,0,0,0,0,0,0,0,0,23,0,0,0,0
"OTU_787",0,0,19,0,0,0,0,0,0,0,0,0,34,12,0,0,0,0
"OTU_788",0,40,0,2,0,0,0,0,0,0,12,0,0,0,0,0,0,0
"OTU_79",685,16,10,8,0,0,0,0,0,0,325,38,14,164,0,0,0,0
"OTU_791",36,0,0,0,0,0,0,0,0,0,0,0,0,4,0,0,0,0
"OTU_792",0,0,0,0,0,0,0,0,17,0,0,0,0,0,0,0,0,0
"OTU_794",0,13,5,2,5,0,0,7,3,0,0,0,58,1,0,0,0,0
"OTU_795",0,0,0,22,4,4,0,0,0,0,0,3,0,0,3,0,0,0
"OTU_796",0,6,0,0,3,0,15,29,0,2,1,0,0,0,0,0,0,0
"OTU_797",0,0,10,0,0,0,1,14,5,0,0,0,3,4,0,0,5,0
"OTU_798",3,41,0,0,0,0,10,0,0,0,0,0,0,0,0,0,0,0
"OTU_8",911,0,0,15,15,0,36,0,0,391,88,375,0,11,310,272,4878,14
"OTU_80",482,0,0,0,54,0,31,0,0,915,7,0,0,18,0,0,0,0
"OTU_801",0,0,24,0,0,0,0,0,0,0,0,0,39,9,0,0,0,0
"OTU_803",0,0,0,11,0,0,0,0,0,0,0,0,0,0,0,0,0,11
"OTU_805",12,4,0,2,0,0,0,0,0,0,13,0,0,0,0,0,10,0
"OTU_806",0,85,0,0,0,0,0,0,0,10,0,0,0,0,5,0,2,0
"OTU_807",0,6,5,15,0,0,0,3,0,0,3,0,7,2,0,0,0,0
"OTU_81",175,0,0,0,0,0,0,0,0,0,0,0,0,647,0,0,0,0
"OTU_810",1,48,0,0,0,0,0,0,7,0,0,0,0,1,0,0,0,0
"OTU_813",0,0,11,7,2,0,0,0,0,0,0,0,0,0,6,29,0,2
"OTU_816",0,0,0,0,6,11,0,39,5,2,0,0,0,0,0,0,0,0
"OTU_819",0,0,0,0,0,0,11,10,18,0,0,0,0,0,0,0,0,0
"OTU_82",0,44,0,0,359,189,371,257,83,59,1,61,0,0,256,221,32,2
"OTU_821",0,0,0,0,2,3,4,5,9,12,0,7,4,0,0,0,0,0
"OTU_822",0,0,0,0,1,0,0,0,0,0,0,3,0,0,44,15,0,0
"OTU_824",0,0,0,0,0,0,0,0,0,0,0,0,0,0,0,0,0,13
"OTU_826",28,0,0,2,0,0,0,0,0,7,0,0,0,2,0,0,0,0
"OTU_828",0,75,0,0,0,0,0,0,0,0,0,0,0,0,0,0,0,0
"OTU_829",0,0,0,0,5,0,0,0,0,0,0,0,0,0,0,0,0,16
"OTU_831",39,0,0,0,0,0,0,0,0,1,5,0,0,0,0,0,0,0
"OTU_832",0,0,0,0,0,0,0,26,5,0,0,0,0,0,0,0,0,0
"OTU_833",0,0,0,0,3,0,0,14,3,2,0,0,28,1,0,0,0,1
"OTU_836",0,7,0,0,13,0,0,19,5,0,0,0,0,0,2,0,0,0
"OTU_839",0,0,0,0,0,14,6,9,6,8,0,0,0,0,0,0,0,0
"OTU_84",0,0,0,0,230,816,20,119,243,12,0,53,573,4,277,387,10,0
"OTU_840",0,0,0,0,33,0,0,0,0,0,0,0,0,0,0,0,0,3
"OTU_845",0,17,0,0,11,0,5,0,0,0,0,0,0,0,0,0,6,3
"OTU_848",0,0,0,0,8,0,13,0,2,6,0,0,5,5,0,0,0,0
"OTU_850",2,0,2,4,0,0,2,0,0,0,3,0,0,15,0,0,0,0
"OTU_852",0,0,67,0,0,0,0,0,0,0,0,0,0,5,0,0,0,0
"OTU_853",0,0,0,22,0,0,0,0,0,0,3,0,0,0,0,0,0,0
"OTU_856",0,0,0,0,7,15,0,0,0,0,0,68,0,0,0,0,0,0
"OTU_860",0,0,0,0,6,0,0,28,2,0,0,26,0,0,0,0,0,0
"OTU_864",0,0,0,6,0,0,0,10,0,0,0,0,0,0,16,81,0,0
"OTU_871",0,0,7,13,0,0,0,0,0,0,0,0,2,0,0,0,0,0
"OTU_873",0,0,0,23,0,0,0,0,0,0,0,0,0,0,1,0,0,0
"OTU_88",0,0,0,0,0,0,0,0,0,0,0,0,0,0,3,0,0,502
"OTU_880",0,77,0,0,0,0,0,0,0,0,0,0,0,0,0,0,0,0
"OTU_882",0,9,0,6,11,0,0,5,6,0,0,0,4,1,0,0,0,0
"OTU_884",0,0,0,0,0,0,0,0,22,0,0,0,0,0,0,0,0,0
"OTU_887",0,62,0,0,0,0,0,0,0,0,0,0,0,0,0,0,0,0
"OTU_889",0,0,0,0,28,51,0,0,0,0,0,0,0,0,0,0,0,2
"OTU_891",0,50,0,0,0,0,0,0,2,0,0,0,0,0,0,0,0,0
"OTU_892",3,0,0,0,18,11,6,10,1,1,0,0,0,0,4,0,0,1
"OTU_894",0,0,0,0,0,0,0,0,0,0,0,0,0,0,0,0,0,15
"OTU_895",0,0,0,0,0,0,11,13,12,0,0,0,0,0,0,0,0,0
"OTU_896",0,0,0,0,3,0,0,2,2,0,0,0,0,0,22,26,1,0
"OTU_9",0,312,0,0,20,0,503,258,5342,87,0,0,0,0,0,0,0,0
"OTU_90",130,0,0,0,0,0,38,0,0,354,451,0,0,27,3,18,0,0
"OTU_900",0,0,2,0,0,0,4,20,1,21,0,0,3,3,0,0,0,0
"OTU_902",0,28,0,0,0,0,9,0,6,0,1,0,0,0,0,0,0,0
"OTU_904",3,8,61,0,0,0,0,0,0,0,0,0,16,0,0,0,0,0
"OTU_909",4,31,0,0,0,0,0,0,2,6,0,0,0,3,0,0,0,0
"OTU_910",0,68,0,0,0,0,0,0,0,0,0,0,0,0,0,0,0,0
"OTU_913",0,0,0,0,0,0,0,31,13,5,0,3,0,0,0,0,0,0
"OTU_918",0,0,0,0,0,0,0,0,0,0,12,0,0,0,6,0,0,9
"OTU_920",0,18,72,0,0,0,0,0,0,0,0,0,0,0,0,0,0,0
"OTU_921",0,0,0,0,10,9,0,0,0,0,0,0,0,0,7,0,0,0
"OTU_927",1,0,0,0,0,0,0,0,0,0,0,0,0,19,0,0,3,0
"OTU_93",0,0,0,0,0,0,0,0,0,0,0,0,0,3,0,0,3,439
"OTU_935",0,0,0,0,0,0,0,0,0,0,0,0,0,0,14,45,0,0
"OTU_936",0,0,0,0,0,0,0,0,0,0,0,0,0,0,21,0,0,5
"OTU_937",0,66,0,0,0,0,0,0,0,0,0,0,0,0,0,0,0,0
"OTU_94",161,699,0,0,0,390,226,0,36,24,121,0,279,0,0,42,12,0
"OTU_941",0,0,0,0,0,0,0,0,0,0,0,0,0,19,0,0,0,0
"OTU_942",22,13,0,0,0,0,0,0,0,0,0,0,7,5,0,0,0,0
"OTU_943",0,0,0,0,32,0,0,0,0,0,0,0,9,1,0,0,0,1
"OTU_945",0,0,76,0,0,0,0,0,0,0,0,0,0,0,0,0,0,0
"OTU_946",3,0,17,2,2,0,0,0,0,0,0,0,0,0,9,0,0,0
"OTU_947",0,0,0,0,0,0,0,0,0,0,0,0,23,10,0,0,0,0
"OTU_95",0,0,0,0,23,46,0,0,0,0,0,0,0,0,992,67,39,16
"OTU_952",0,0,29,0,0,0,0,10,8,0,0,0,0,0,0,0,0,0
"OTU_954",0,0,0,0,0,0,0,0,0,0,0,0,0,32,0,0,0,0
"OTU_955",0,0,0,10,0,0,0,0,0,0,0,16,0,0,0,0,0,0
"OTU_956",0,0,0,0,0,0,0,0,0,0,0,0,0,0,25,0,3,0
"OTU_957",0,0,0,3,0,0,0,0,0,0,0,0,0,0,8,0,0,7
"OTU_958",0,0,0,1,0,0,0,0,0,0,0,0,13,0,14,13,5,0
"OTU_959",0,0,0,0,30,36,0,0,0,0,0,0,0,0,0,0,0,0
"OTU_960",0,0,0,0,0,0,0,0,0,0,0,0,10,14,0,0,0,0
"OTU_963",0,0,0,0,6,13,2,6,1,0,0,0,24,2,0,0,0,0
"OTU_966",0,0,33,0,0,0,0,0,0,0,0,0,18,9,0,0,0,0
"OTU_97",3,0,0,79,28,24,0,0,0,0,0,559,76,0,60,0,154,49
"OTU_970",0,0,0,0,0,0,0,0,0,0,0,0,70,1,0,0,0,0
"OTU_977",0,0,0,0,6,13,0,10,5,0,1,0,0,0,0,0,0,0
"OTU_978",0,0,0,0,0,130,0,0,0,0,0,0,0,0,0,0,0,0
"OTU_979",18,5,0,0,0,0,4,0,0,5,0,0,0,0,0,0,0,0
"OTU_980",0,0,0,0,0,0,0,0,0,0,0,0,57,1,0,0,0,0
"OTU_981",0,0,0,0,0,0,38,0,0,5,0,0,0,0,0,0,0,0
"OTU_985",0,0,0,17,0,0,0,0,0,0,0,0,0,0,0,0,0,0
"OTU_987",0,0,0,0,0,0,0,59,0,0,0,0,0,0,0,0,0,0
"OTU_991",0,0,0,0,0,0,0,0,5,0,0,32,5,0,0,0,0,0
"OTU_992",0,0,0,0,0,0,0,0,0,0,0,0,0,15,0,0,0,0
"OTU_994",0,0,0,0,0,0,0,0,0,0,0,0,0,0,11,0,0,0
"OTU_998",0,0,0,0,0,0,0,27,13,0,0,0,0,0,0,0,0,0
"OTU_999",0,0,0,0,0,0,0,0,0,0,0,0,0,0,12,32,1,0
